{
  "filename": "255.txt",
  "entity": {
    "PRODUCTION_REPORT": 0.757055,
    "EQUIPMENT": 0.817574,
    "EQUIPMENT_INSPECTION": 0.751663,
    "EQUIPMENT_FAILURE": 0.760805,
    "EQUIPMENT_REPAIR": 0.773398,
    "QUALITY_RECORD": 0.754619,
    "USER": 0.707795,
    "ANNOUNCEMENT": 0.744521,
    "JOB_POSITION": 0.748231,
    "APPLICATION": 0.704558
  },
  "attribute": {
    "PRODUCTION_REPORT": {
      "report_id": 0.769844,
      "report_type": 0.768499,
      "report_date": 0.765049,
      "production_datum": 0.77121,
      "production_indicator": 0.772458,
      "completion_status": 0.774596,
      "metal_recovery_rate": 0.768617,
      "grade": 0.76578
    },
    "EQUIPMENT": {
      "equipment_id": 0.765067,
      "model": 0.761993,
      "main_category": 0.771146,
      "sub_category": 0.76745,
      "location": 0.758725,
      "operation_status": 0.778978,
      "real_time_monitoring": 0.762755,
      "alarm_notification": 0.751128,
      "anomaly_case": 0.756521
    },
    "EQUIPMENT_INSPECTION": {
      "inspection_id": 0.764226,
      "equipment_id": 0.768522,
      "inspection_plan": 0.767408,
      "progress": 0.770384,
      "inspector": 0.764526,
      "inspection_date": 0.763322
    },
    "EQUIPMENT_FAILURE": {
      "failure_id": 0.761286,
      "equipment_id": 0.766965,
      "reporter": 0.769102,
      "failure_type": 0.762688,
      "failure_time": 0.761315,
      "processing_status": 0.77192
    },
    "EQUIPMENT_REPAIR": {
      "repair_id": 0.765019,
      "equipment_id": 0.767433,
      "repair_personnel": 0.773945,
      "repair_detail": 0.770715,
      "progress": 0.767617,
      "work_order_number": 0.767755,
      "repair_time": 0.766509
    },
    "QUALITY_RECORD": {
      "quality_id": 0.754762,
      "metal_recovery_rate": 0.767044,
      "incoming_warehouse_sample": 0.76679,
      "metal_grade": 0.76167,
      "daily_report_grade": 0.766487,
      "report_date": 0.759505
    },
    "USER": {
      "user_id": 0.734023,
      "username": 0.730579,
      "role": 0.748886,
      "permission": 0.738555,
      "status": 0.754744,
      "operation_history": 0.750611
    },
    "ANNOUNCEMENT": {
      "announcement_id": 0.742947,
      "content": 0.748394,
      "release_time": 0.742496,
      "status": 0.749435,
      "creator_user_id": 0.736596
    },
    "JOB_POSITION": {
      "position_id": 0.759111,
      "position_name": 0.760008,
      "description": 0.770209,
      "responsibility": 0.762331,
      "requirement": 0.769614
    },
    "APPLICATION": {
      "application_id": 0.73222,
      "user_id": 0.731516,
      "position_id": 0.73955,
      "match_rate": 0.74454,
      "application_date": 0.736156
    }
  },
  "relationship": [
    {
      "entity_1": "EQUIPMENT",
      "entity_2": "EQUIPMENT_INSPECTION",
      "cardinality": "1:N",
      "probability": 0.999619
    },
    {
      "entity_1": "EQUIPMENT",
      "entity_2": "EQUIPMENT_FAILURE",
      "cardinality": "1:N",
      "probability": 0.999911
    },
    {
      "entity_1": "EQUIPMENT",
      "entity_2": "EQUIPMENT_REPAIR",
      "cardinality": "1:N",
      "probability": 0.999987
    },
    {
      "entity_1": "USER",
      "entity_2": "ANNOUNCEMENT",
      "cardinality": "1:N",
      "probability": 0.958049
    },
    {
      "entity_1": "USER",
      "entity_2": "APPLICATION",
      "cardinality": "1:N",
      "probability": 0.984683
    },
    {
      "entity_1": "JOB_POSITION",
      "entity_2": "APPLICATION",
      "cardinality": "1:N",
      "probability": 0.810298
    },
    {
      "entity_1": "USER",
      "entity_2": "PRODUCTION_REPORT",
      "cardinality": "1:N",
      "probability": 0.065887
    }
  ],
  "processing_time": 62.48
}