{
  "filename": "315.txt",
  "entity": {
    "PERSON": 0.723582,
    "BOOK": 0.817574,
    "BOOK_COPY": 0.732139,
    "LOAN": 0.774011
  },
  "attribute": {
    "PERSON": {
      "person_id": 0.732599,
      "full_name": 0.735958,
      "role": 0.740037,
      "department": 0.746471,
      "phone_number": 0.726828,
      "email": 0.733537,
      "address": 0.732181
    },
    "BOOK": {
      "book_id": 0.751922,
      "title": 0.747646,
      "author": 0.743703,
      "publisher": 0.754986,
      "publication_year": 0.753144,
      "isbn": 0.757773,
      "category": 0.758622,
      "language": 0.753504
    },
    "BOOK_COPY": {
      "copy_id": 0.748958,
      "book_id": 0.754039,
      "copy_number": 0.747729,
      "acquisition_date": 0.754064,
      "condition": 0.754838,
      "status": 0.759444
    },
    "LOAN": {
      "loan_id": 0.742042,
      "person_id": 0.744623,
      "copy_id": 0.74545,
      "borrow_date": 0.745552,
      "due_date": 0.741744,
      "return_date": 0.74445,
      "status": 0.751008
    }
  },
  "relationship": [
    {
      "entity_1": "PERSON",
      "entity_2": "LOAN",
      "cardinality": "1:N",
      "probability": 0.930087
    },
    {
      "entity_1": "BOOK",
      "entity_2": "BOOK_COPY",
      "cardinality": "1:N",
      "probability": 0.999892
    },
    {
      "entity_1": "BOOK_COPY",
      "entity_2": "LOAN",
      "cardinality": "1:N",
      "probability": 0.053327
    }
  ],
  "processing_time": 24.93
}