{
  "filename": "321.txt",
  "entity": {
    "USER": 0.817574,
    "MEMBERSHIP": 0.817574,
    "TEAM": 0.817574,
    "MATCH": 0.817574,
    "EVENT": 0.817574,
    "CLUB": 0.742958,
    "ORGANIZER": 0.73096,
    "INTEREST": 0.720994,
    "FRIENDSHIP": 0.738773,
    "USER_INTEREST": 0.738387,
    "USER_TEAM": 0.75114,
    "SPONSOR": 0.717987,
    "EVENT_SPONSOR": 0.75534,
    "ASSOC_USER_TEAM": 0.353132,
    "ASSOC_USER_INTEREST": 0.749916,
    "ASSOC_USER_USER": 1.0,
    "ASSOC_EVENT_SPONSOR": 0.353568,
    "ASSOC_MATCH_TEAM": 0.242291
  },
  "attribute": {
    "USER": {
      "user_id": 0.741141,
      "username": 0.740244,
      "email": 0.748037,
      "password_hash": 0.737911,
      "first_name": 0.743842,
      "last_name": 0.73831,
      "date_of_birth": 0.737259,
      "gender": 0.752225,
      "phone_number": 0.739537,
      "address": 0.739523,
      "profile_picture_url": 0.742882,
      "bio": 0.751153,
      "registration_date": 0.737476,
      "social_info": 0.75874
    },
    "MEMBERSHIP": {
      "membership_id": 0.746275,
      "user_id": 0.746649,
      "membership_type": 0.754297,
      "start_date": 0.744117,
      "end_date": 0.741742,
      "status": 0.759284,
      "discount_rate": 0.745949
    },
    "TEAM": {
      "team_id": 0.758871,
      "club_id": 0.764425,
      "team_name": 0.761071,
      "creation_date": 0.757021,
      "description": 0.76554,
      "logo_url": 0.75716
    },
    "MATCH": {
      "match_id": 0.747065,
      "match_date": 0.743685,
      "match_time": 0.748952,
      "venue": 0.758122,
      "home_score": 0.749791,
      "away_score": 0.745763,
      "status": 0.758169
    },
    "EVENT": {
      "event_id": 0.745524,
      "organizer_id": 0.752358,
      "club_id": 0.764468,
      "event_name": 0.746383,
      "description": 0.755785,
      "start_datetime": 0.738795,
      "end_datetime": 0.735533,
      "location": 0.748204,
      "ticket_price": 0.748357,
      "capacity": 0.754954
    },
    "CLUB": {
      "club_id": 0.757857,
      "club_name": 0.762067,
      "foundation_date": 0.752349,
      "headquarters_address": 0.755101,
      "logo_url": 0.757915
    },
    "ORGANIZER": {
      "organizer_id": 0.744177,
      "name": 0.752636,
      "contact_email": 0.747515,
      "phone_number": 0.743435,
      "description": 0.753952
    },
    "INTEREST": {
      "interest_id": 0.741436,
      "name": 0.747116,
      "category": 0.75707
    },
    "FRIENDSHIP": {
      "friendship_id": 0.746808,
      "user_id_1": 0.75182,
      "user_id_2": 0.752286,
      "status": 0.756295,
      "created_at": 0.747434
    },
    "USER_INTEREST": {
      "user_id": 0.754061,
      "interest_id": 0.751919,
      "added_at": 0.751009
    },
    "USER_TEAM": {
      "user_id": 0.755351,
      "team_id": 0.759196,
      "role": 0.762352,
      "join_date": 0.754288
    },
    "SPONSOR": {
      "sponsor_id": 0.747596,
      "name": 0.750391,
      "contact_email": 0.748881,
      "phone_number": 0.744678,
      "description": 0.753061
    },
    "EVENT_SPONSOR": {
      "event_id": 0.751719,
      "sponsor_id": 0.752377,
      "sponsorship_level": 0.757731,
      "contribution_amount": 0.747129
    },
    "ASSOC_USER_TEAM": {
      "assoc_user_team_id": 0.353132,
      "user_id": 0.353132,
      "team_id": 0.353132
    },
    "ASSOC_USER_INTEREST": {
      "assoc_user_interest_id": 0.749916,
      "user_id": 0.749916,
      "interest_id": 0.749916
    },
    "ASSOC_USER_USER": {
      "assoc_user_user_id": 1.0,
      "user_id": 1.0
    },
    "ASSOC_EVENT_SPONSOR": {
      "assoc_event_sponsor_id": 0.353568,
      "event_id": 0.353568,
      "sponsor_id": 0.353568
    },
    "ASSOC_MATCH_TEAM": {
      "assoc_match_team_id": 0.242291,
      "match_id": 0.242291,
      "team_id": 0.242291
    }
  },
  "relationship": [
    {
      "entity_1": "USER",
      "entity_2": "MEMBERSHIP",
      "cardinality": "1:1",
      "probability": 0.994509
    },
    {
      "entity_1": "CLUB",
      "entity_2": "TEAM",
      "cardinality": "1:N",
      "probability": 0.332438
    },
    {
      "entity_1": "USER",
      "entity_2": "ASSOC_USER_TEAM",
      "description": "One USER can be associated with many ASSOC_USER_TEAM.",
      "cardinality": "1:N",
      "associative_entity": null,
      "probability": 0.353132
    },
    {
      "entity_1": "TEAM",
      "entity_2": "ASSOC_USER_TEAM",
      "description": "One TEAM can be associated with many ASSOC_USER_TEAM.",
      "cardinality": "1:N",
      "associative_entity": null,
      "probability": 0.353132
    },
    {
      "entity_1": "USER",
      "entity_2": "ASSOC_USER_INTEREST",
      "description": "One USER can be associated with many ASSOC_USER_INTEREST.",
      "cardinality": "1:N",
      "associative_entity": null,
      "probability": 0.749916
    },
    {
      "entity_1": "INTEREST",
      "entity_2": "ASSOC_USER_INTEREST",
      "description": "One INTEREST can be associated with many ASSOC_USER_INTEREST.",
      "cardinality": "1:N",
      "associative_entity": null,
      "probability": 0.749916
    },
    {
      "entity_1": "USER",
      "entity_2": "ASSOC_USER_USER",
      "description": "One USER can be associated with many ASSOC_USER_USER.",
      "cardinality": "1:N",
      "associative_entity": null,
      "probability": 1.0
    },
    {
      "entity_1": "ORGANIZER",
      "entity_2": "EVENT",
      "cardinality": "1:N",
      "probability": 0.162979
    },
    {
      "entity_1": "CLUB",
      "entity_2": "EVENT",
      "cardinality": "1:N",
      "probability": 0.011314
    },
    {
      "entity_1": "EVENT",
      "entity_2": "ASSOC_EVENT_SPONSOR",
      "description": "One EVENT can be associated with many ASSOC_EVENT_SPONSOR.",
      "cardinality": "1:N",
      "associative_entity": null,
      "probability": 0.353568
    },
    {
      "entity_1": "SPONSOR",
      "entity_2": "ASSOC_EVENT_SPONSOR",
      "description": "One SPONSOR can be associated with many ASSOC_EVENT_SPONSOR.",
      "cardinality": "1:N",
      "associative_entity": null,
      "probability": 0.353568
    },
    {
      "entity_1": "MATCH",
      "entity_2": "ASSOC_MATCH_TEAM",
      "description": "One MATCH can be associated with many ASSOC_MATCH_TEAM.",
      "cardinality": "1:N",
      "associative_entity": null,
      "probability": 0.242291
    },
    {
      "entity_1": "TEAM",
      "entity_2": "ASSOC_MATCH_TEAM",
      "description": "One TEAM can be associated with many ASSOC_MATCH_TEAM.",
      "cardinality": "1:N",
      "associative_entity": null,
      "probability": 0.242291
    }
  ],
  "processing_time": 56.45
}