{
  "filename": "357.txt",
  "entity": {
    "LOCATION": 0.817574,
    "VEHICLE": 0.817574,
    "CATEGORY": 0.817574,
    "USER": 0.817574,
    "CREDIT_CARD": 0.698802,
    "RESERVATION": 0.698571,
    "NEWS": 0.722922,
    "PROMOTION": 0.724621,
    "INQUIRY": 0.722821,
    "BUSINESS_HOUR": 0.714573
  },
  "attribute": {
    "LOCATION": {
      "location_id": 0.742815,
      "address": 0.747068,
      "telephone": 0.749094,
      "city": 0.745978
    },
    "VEHICLE": {
      "vehicle_id": 0.762506,
      "license_plate": 0.766954,
      "brand": 0.752968,
      "model": 0.760936,
      "photo": 0.759428,
      "location_id": 0.762267,
      "category_id": 0.762584
    },
    "CATEGORY": {
      "category_id": 0.738877,
      "name": 0.751205,
      "description": 0.762096,
      "weekday_price": 0.74735,
      "weekend_price": 0.748461
    },
    "USER": {
      "user_id": 0.737558,
      "email": 0.744743,
      "telephone": 0.745422,
      "postal_code": 0.754789,
      "city": 0.747562,
      "password": 0.741107
    },
    "CREDIT_CARD": {
      "card_id": 0.74785,
      "card_number": 0.748844,
      "expiry_date": 0.738443,
      "cardholder_name": 0.752047,
      "user_id": 0.749469
    },
    "RESERVATION": {
      "reservation_id": 0.747635,
      "reservation_date": 0.746867,
      "return_date": 0.741468,
      "user_id": 0.748949,
      "vehicle_id": 0.763473,
      "status": 0.74934
    },
    "NEWS": {
      "news_id": 0.736519,
      "title": 0.737237,
      "content": 0.747555,
      "publish_date": 0.732217
    },
    "PROMOTION": {
      "promotion_id": 0.744483,
      "title": 0.743852,
      "description": 0.751903,
      "start_date": 0.741665,
      "end_date": 0.74126
    },
    "INQUIRY": {
      "inquiry_id": 0.748126,
      "inquiry_date": 0.746097,
      "user_id": 0.746791,
      "vehicle_id": 0.765224,
      "location_id": 0.75095
    },
    "BUSINESS_HOUR": {
      "bh_id": 0.749113,
      "location_id": 0.749708,
      "day_of_week": 0.741063,
      "open_time": 0.740858,
      "close_time": 0.740929
    }
  },
  "relationship": [
    {
      "entity_1": "LOCATION",
      "entity_2": "VEHICLE",
      "cardinality": "1:N",
      "probability": 0.144921
    },
    {
      "entity_1": "CATEGORY",
      "entity_2": "VEHICLE",
      "cardinality": "1:N",
      "probability": 0.891113
    },
    {
      "entity_1": "USER",
      "entity_2": "CREDIT_CARD",
      "cardinality": "1:N",
      "probability": 0.995042
    },
    {
      "entity_1": "USER",
      "entity_2": "RESERVATION",
      "cardinality": "1:N",
      "probability": 0.364378
    },
    {
      "entity_1": "VEHICLE",
      "entity_2": "RESERVATION",
      "cardinality": "1:N",
      "probability": 0.335763
    },
    {
      "entity_1": "LOCATION",
      "entity_2": "BUSINESS_HOUR",
      "cardinality": "1:N",
      "probability": 0.013411
    },
    {
      "entity_1": "USER",
      "entity_2": "INQUIRY",
      "cardinality": "1:N",
      "probability": 0.902673
    },
    {
      "entity_1": "VEHICLE",
      "entity_2": "INQUIRY",
      "cardinality": "1:N",
      "probability": 0.03037
    },
    {
      "entity_1": "LOCATION",
      "entity_2": "INQUIRY",
      "cardinality": "1:N",
      "probability": 0.014472
    }
  ],
  "processing_time": 36.77
}