{
  "filename": "397.txt",
  "entity": {
    "DEPARTMENT": 0.817574,
    "EMPLOYEE": 0.817574,
    "ATTENDANCE": 0.817574,
    "SALARY": 0.817574,
    "POSITION": 0.708457,
    "APPLICANT": 0.73709,
    "WORK_EXPERIENCE": 0.719766,
    "DOCUMENT": 0.709365,
    "RECRUITMENT": 0.817574,
    "INTERVIEW": 0.717582
  },
  "attribute": {
    "DEPARTMENT": {
      "department_id": 0.755412,
      "department_name": 0.757694,
      "location": 0.751792,
      "manager_employee_id": 0.771949
    },
    "EMPLOYEE": {
      "employee_id": 0.773229,
      "first_name": 0.76758,
      "last_name": 0.769913,
      "date_of_birth": 0.769972,
      "gender": 0.767034,
      "hire_date": 0.770561,
      "email": 0.761044,
      "phone": 0.75658,
      "address": 0.768924,
      "department_id": 0.772259,
      "position_id": 0.770072
    },
    "ATTENDANCE": {
      "attendance_id": 0.761374,
      "employee_id": 0.774003,
      "check_date": 0.762245,
      "check_time": 0.759595,
      "status": 0.758597
    },
    "SALARY": {
      "salary_id": 0.760271,
      "employee_id": 0.77054,
      "amount": 0.753051,
      "effective_date": 0.755484,
      "salary_grade": 0.752053,
      "bonus": 0.740529
    },
    "POSITION": {
      "position_id": 0.741664,
      "title": 0.750143,
      "description": 0.746319,
      "department_id": 0.768432,
      "salary_range_min": 0.763892,
      "salary_range_max": 0.764093
    },
    "APPLICANT": {
      "applicant_id": 0.760253,
      "first_name": 0.75627,
      "last_name": 0.758508,
      "email": 0.752894,
      "phone": 0.74978,
      "address": 0.758219,
      "resume_document_id": 0.754615
    },
    "WORK_EXPERIENCE": {
      "work_exp_id": 0.762229,
      "applicant_id": 0.768714,
      "company_name": 0.769019,
      "role": 0.76202,
      "start_date": 0.757454,
      "end_date": 0.75834,
      "description": 0.767071
    },
    "DOCUMENT": {
      "document_id": 0.733053,
      "applicant_id": 0.754891,
      "doc_type": 0.737475,
      "file_path": 0.725202,
      "upload_date": 0.736442
    },
    "RECRUITMENT": {
      "recruitment_id": 0.77098,
      "position_id": 0.769876,
      "applicant_id": 0.771275,
      "application_date": 0.768617,
      "status": 0.770735,
      "recruiter_employee_id": 0.770032
    },
    "INTERVIEW": {
      "interview_id": 0.75717,
      "recruitment_id": 0.770501,
      "interviewer_employee_id": 0.767131,
      "interview_date": 0.756226,
      "interview_notes": 0.75794,
      "result": 0.752672
    }
  },
  "relationship": [
    {
      "entity_1": "DEPARTMENT",
      "entity_2": "EMPLOYEE",
      "cardinality": "1:N",
      "probability": 0.999722
    },
    {
      "entity_1": "DEPARTMENT",
      "entity_2": "POSITION",
      "cardinality": "1:N",
      "probability": 0.937393
    },
    {
      "entity_1": "EMPLOYEE",
      "entity_2": "ATTENDANCE",
      "cardinality": "1:N",
      "probability": 0.969185
    },
    {
      "entity_1": "EMPLOYEE",
      "entity_2": "SALARY",
      "cardinality": "1:N",
      "probability": 0.631638
    },
    {
      "entity_1": "POSITION",
      "entity_2": "RECRUITMENT",
      "cardinality": "1:N",
      "probability": 0.00302
    },
    {
      "entity_1": "APPLICANT",
      "entity_2": "RECRUITMENT",
      "cardinality": "1:N",
      "probability": 0.946143
    },
    {
      "entity_1": "RECRUITMENT",
      "entity_2": "INTERVIEW",
      "cardinality": "1:N",
      "probability": 0.000512
    },
    {
      "entity_1": "EMPLOYEE",
      "entity_2": "INTERVIEW",
      "cardinality": "1:N",
      "probability": 0.003464
    },
    {
      "entity_1": "APPLICANT",
      "entity_2": "WORK_EXPERIENCE",
      "cardinality": "1:N",
      "probability": 0.015213
    },
    {
      "entity_1": "APPLICANT",
      "entity_2": "DOCUMENT",
      "cardinality": "1:N",
      "probability": 0.879419
    }
  ],
  "processing_time": 40.83
}