{
  "filename": "406.txt",
  "entity": {
    "GENERAL_LEDGER": 0.698191,
    "ACCOUNT_RECEIVABLE": 0.67907,
    "ACCOUNT_PAYABLE": 0.668587,
    "CUSTOMER": 0.817574,
    "SUPPLIER": 0.817574,
    "COST_CENTER": 0.687767,
    "COST_ACCOUNTING": 0.687767,
    "EMPLOYEE": 0.735595,
    "PERFORMANCE": 0.726016,
    "PRODUCT": 0.74227,
    "PRODUCTION_PLAN": 0.766347,
    "MATERIAL": 0.817574,
    "MATERIAL_REQUIREMENT_PLAN": 0.72033,
    "PRODUCTION_SCHEDULING": 0.756908,
    "SALE_ORDER": 0.750691,
    "PURCHASE_ORDER": 0.74708,
    "WAREHOUSE": 0.726989,
    "INVENTORY": 0.747439,
    "PROJECT_PLAN": 0.744121,
    "SUPPLIER_MATERIAL": 0.777698,
    "ASSOC_SUPPLIER_MATERIAL": 0.000574
  },
  "attribute": {
    "GENERAL_LEDGER": {
      "ledger_id": 0.740355,
      "account_date": 0.740721,
      "account_time": 0.741612,
      "description": 0.744377,
      "amount": 0.744472
    },
    "ACCOUNT_RECEIVABLE": {
      "receivable_id": 0.740578,
      "customer_id": 0.745072,
      "amount": 0.747972,
      "receivable_date": 0.741701
    },
    "ACCOUNT_PAYABLE": {
      "payable_id": 0.737683,
      "supplier_id": 0.750114,
      "amount": 0.740298,
      "payable_date": 0.739413
    },
    "CUSTOMER": {
      "customer_id": 0.74459,
      "name": 0.743472,
      "contact_info": 0.745279,
      "address": 0.738027
    },
    "SUPPLIER": {
      "supplier_id": 0.755646,
      "name": 0.750974,
      "contact_info": 0.754114,
      "address": 0.74802
    },
    "COST_CENTER": {
      "cost_center_id": 0.754841,
      "name": 0.74584,
      "description": 0.755535
    },
    "COST_ACCOUNTING": {
      "cost_id": 0.75511,
      "cost_center_id": 0.758446,
      "amount": 0.753178,
      "cost_date": 0.754699,
      "description": 0.75749
    },
    "EMPLOYEE": {
      "employee_id": 0.757137,
      "name": 0.752655,
      "position": 0.757167,
      "hire_date": 0.756003,
      "salary": 0.750231
    },
    "PERFORMANCE": {
      "performance_id": 0.743583,
      "employee_id": 0.762823,
      "evaluation_date": 0.748168,
      "score": 0.746161,
      "comments": 0.74165
    },
    "PRODUCT": {
      "product_id": 0.735857,
      "name": 0.736962,
      "description": 0.744752
    },
    "PRODUCTION_PLAN": {
      "plan_id": 0.762878,
      "product_id": 0.757106,
      "quantity": 0.767972,
      "start_date": 0.754937,
      "end_date": 0.758048
    },
    "MATERIAL": {
      "material_id": 0.736203,
      "description": 0.743893,
      "type": 0.739488
    },
    "MATERIAL_REQUIREMENT_PLAN": {
      "mrp_id": 0.754044,
      "production_plan_id": 0.765923,
      "material_id": 0.754874,
      "required_quantity": 0.763637,
      "mrp_date": 0.75397
    },
    "PRODUCTION_SCHEDULING": {
      "schedule_id": 0.758292,
      "production_plan_id": 0.764073,
      "production_date": 0.757252,
      "status": 0.760749
    },
    "SALE_ORDER": {
      "sale_order_id": 0.741324,
      "customer_id": 0.745945,
      "order_date": 0.741057,
      "total_amount": 0.752257
    },
    "PURCHASE_ORDER": {
      "purchase_order_id": 0.738597,
      "supplier_id": 0.748587,
      "order_date": 0.738982,
      "total_amount": 0.750342
    },
    "WAREHOUSE": {
      "warehouse_id": 0.758675,
      "address": 0.751636
    },
    "INVENTORY": {
      "inventory_id": 0.749616,
      "material_id": 0.746181,
      "warehouse_id": 0.756835,
      "quantity": 0.75669,
      "last_updated": 0.747537
    },
    "PROJECT_PLAN": {
      "project_id": 0.750957,
      "name": 0.753045,
      "start_date": 0.748204,
      "end_date": 0.751401,
      "execution_status": 0.748121,
      "progress": 0.759672
    },
    "SUPPLIER_MATERIAL": {
      "supplier_id": 0.756726,
      "material_id": 0.752207,
      "supply_price": 0.755814,
      "supply_lead_time": 0.756078
    },
    "ASSOC_SUPPLIER_MATERIAL": {
      "assoc_supplier_material_id": 0.000574,
      "supplier_id": 0.000574,
      "material_id": 0.000574
    }
  },
  "relationship": [
    {
      "entity_1": "CUSTOMER",
      "entity_2": "ACCOUNT_RECEIVABLE",
      "cardinality": "1:N",
      "probability": 0.005682
    },
    {
      "entity_1": "SUPPLIER",
      "entity_2": "ACCOUNT_PAYABLE",
      "cardinality": "1:N",
      "probability": 2.7e-05
    },
    {
      "entity_1": "COST_CENTER",
      "entity_2": "COST_ACCOUNTING",
      "cardinality": "1:N",
      "probability": 0.234431
    },
    {
      "entity_1": "EMPLOYEE",
      "entity_2": "PERFORMANCE",
      "cardinality": "1:N",
      "probability": 0.025517
    },
    {
      "entity_1": "PRODUCT",
      "entity_2": "PRODUCTION_PLAN",
      "cardinality": "1:N",
      "probability": 0.072492
    },
    {
      "entity_1": "PRODUCTION_PLAN",
      "entity_2": "MATERIAL_REQUIREMENT_PLAN",
      "cardinality": "1:N",
      "probability": 0.002327
    },
    {
      "entity_1": "MATERIAL",
      "entity_2": "MATERIAL_REQUIREMENT_PLAN",
      "cardinality": "1:N",
      "probability": 0.992545
    },
    {
      "entity_1": "PRODUCTION_PLAN",
      "entity_2": "PRODUCTION_SCHEDULING",
      "cardinality": "1:N",
      "probability": 0.903936
    },
    {
      "entity_1": "CUSTOMER",
      "entity_2": "SALE_ORDER",
      "cardinality": "1:N",
      "probability": 0.604393
    },
    {
      "entity_1": "SUPPLIER",
      "entity_2": "PURCHASE_ORDER",
      "cardinality": "1:N",
      "probability": 0.235695
    },
    {
      "entity_1": "WAREHOUSE",
      "entity_2": "INVENTORY",
      "cardinality": "1:N",
      "probability": 0.870462
    },
    {
      "entity_1": "MATERIAL",
      "entity_2": "INVENTORY",
      "cardinality": "1:N",
      "probability": 0.316249
    },
    {
      "entity_1": "SUPPLIER",
      "entity_2": "ASSOC_SUPPLIER_MATERIAL",
      "description": "One SUPPLIER can be associated with many ASSOC_SUPPLIER_MATERIAL.",
      "cardinality": "1:N",
      "associative_entity": null,
      "probability": 0.000574
    },
    {
      "entity_1": "MATERIAL",
      "entity_2": "ASSOC_SUPPLIER_MATERIAL",
      "description": "One MATERIAL can be associated with many ASSOC_SUPPLIER_MATERIAL.",
      "cardinality": "1:N",
      "associative_entity": null,
      "probability": 0.000574
    }
  ],
  "processing_time": 100.8
}