{
  "filename": "418.txt",
  "entity": {
    "USER": 0.817574,
    "TRANSACTION": 0.733255,
    "TYPE": 0.817574,
    "ANNOUNCEMENT": 0.744521
  },
  "attribute": {
    "USER": {
      "user_id": 0.745587,
      "gender": 0.758305,
      "age": 0.745221,
      "contact_info": 0.75455,
      "address": 0.752035,
      "email": 0.752287,
      "login": 0.753782,
      "password": 0.748708,
      "user_type": 0.757255,
      "status": 0.762535,
      "security_question": 0.758509,
      "security_answer": 0.75317
    },
    "TRANSACTION": {
      "transaction_id": 0.746331,
      "user_id": 0.756677,
      "type_id": 0.75313,
      "amount": 0.757123,
      "remark": 0.754005,
      "transaction_time": 0.746718,
      "status": 0.761338
    },
    "TYPE": {
      "type_id": 0.742452,
      "name": 0.753449,
      "status": 0.762769
    },
    "ANNOUNCEMENT": {
      "announcement_id": 0.745596,
      "title": 0.742834,
      "content": 0.75533,
      "publication_time": 0.749147,
      "status": 0.750812
    }
  },
  "relationship": [
    {
      "entity_1": "USER",
      "entity_2": "TRANSACTION",
      "cardinality": "1:N",
      "probability": 0.857917
    },
    {
      "entity_1": "TYPE",
      "entity_2": "TRANSACTION",
      "cardinality": "1:N",
      "probability": 0.005181
    }
  ],
  "processing_time": 19.38
}