{
  "filename": "258.txt",
  "entity": {
    "DONOR": 0.817574,
    "EVENT": 0.817574,
    "DONATION": 0.817574
  },
  "attribute": {
    "DONOR": {
      "donor_id": 0.764264,
      "name": 0.76183,
      "email": 0.762349,
      "phone": 0.749681,
      "address": 0.75868
    },
    "EVENT": {
      "event_id": 0.741895,
      "name": 0.752625,
      "type": 0.758261,
      "start_date": 0.741436,
      "end_date": 0.740768,
      "location": 0.745053,
      "status": 0.751221
    },
    "DONATION": {
      "donation_id": 0.763834,
      "donor_id": 0.76795,
      "event_id": 0.768147,
      "donation_time": 0.766906,
      "method": 0.770467,
      "amount": 0.763379,
      "message": 0.759867
    }
  },
  "relationship": [
    {
      "entity_1": "DONOR",
      "entity_2": "DONATION",
      "cardinality": "1:N",
      "probability": 0.206533
    },
    {
      "entity_1": "EVENT",
      "entity_2": "DONATION",
      "cardinality": "1:N",
      "probability": 0.420585
    }
  ],
  "processing_time": 17.2
}