{
  "filename": "315.txt",
  "entity": {
    "PERSON": 0.723582,
    "BOOK": 0.817574,
    "COPY": 0.713859,
    "BORROW": 0.796101
  },
  "attribute": {
    "PERSON": {
      "person_id": 0.732599,
      "name": 0.732447,
      "role": 0.740037,
      "email": 0.733537,
      "phone": 0.726153,
      "address": 0.732181
    },
    "BOOK": {
      "isbn": 0.757773,
      "title": 0.747646,
      "author": 0.743703,
      "publisher": 0.754986,
      "publication_year": 0.753144,
      "category": 0.758622,
      "language": 0.753504
    },
    "COPY": {
      "copy_id": 0.737188,
      "isbn": 0.753981,
      "barcode": 0.741097,
      "acquisition_date": 0.745345,
      "condition": 0.742818,
      "status": 0.748718
    },
    "BORROW": {
      "loan_id": 0.744503,
      "person_id": 0.744652,
      "copy_id": 0.742855,
      "borrow_date": 0.744344,
      "due_date": 0.741599,
      "return_date": 0.742754,
      "status": 0.753817
    }
  },
  "relationship": [
    {
      "entity_1": "PERSON",
      "entity_2": "BORROW",
      "cardinality": "1:N",
      "probability": 0.958665
    },
    {
      "entity_1": "COPY",
      "entity_2": "BORROW",
      "cardinality": "1:N",
      "probability": 0.755647
    },
    {
      "entity_1": "BOOK",
      "entity_2": "COPY",
      "cardinality": "1:N",
      "probability": 0.8551
    }
  ],
  "processing_time": 26.31
}