{
  "filename": "321.txt",
  "entity": {
    "USER": 0.817574,
    "INTEREST": 0.720994,
    "TEAM": 0.817574,
    "CLUB": 0.742958,
    "ORGANIZER": 0.73096,
    "SPONSOR": 0.717987,
    "EVENT": 0.817574,
    "MATCH": 0.817574,
    "ASSOC_USER_USER": 1.0,
    "ASSOC_USER_INTEREST": 0.749916,
    "ASSOC_USER_TEAM": 0.353132,
    "ASSOC_USER_CLUB": 0.675664,
    "ASSOC_USER_EVENT": 0.875564,
    "ASSOC_USER_MATCH": 0.014532,
    "ASSOC_MATCH_TEAM": 0.242291,
    "ASSOC_EVENT_SPONSOR": 0.353568
  },
  "attribute": {
    "USER": {
      "user_id": 0.741141,
      "username": 0.740244,
      "password": 0.742907,
      "email": 0.748037,
      "first_name": 0.743842,
      "last_name": 0.73831,
      "date_of_birth": 0.737259,
      "gender": 0.752225,
      "registration_date": 0.737476,
      "social_info": 0.75874,
      "profile_picture": 0.742437
    },
    "INTEREST": {
      "interest_id": 0.741436,
      "name": 0.747116,
      "description": 0.754657
    },
    "TEAM": {
      "team_id": 0.758871,
      "name": 0.755797,
      "creation_date": 0.757021,
      "description": 0.76554,
      "club_id": 0.764425
    },
    "CLUB": {
      "club_id": 0.757857,
      "name": 0.761055,
      "location": 0.753667,
      "founded_date": 0.755084,
      "stadium_name": 0.763973
    },
    "ORGANIZER": {
      "organizer_id": 0.744177,
      "name": 0.752636,
      "contact_email": 0.747515,
      "contact_phone": 0.745401
    },
    "SPONSOR": {
      "sponsor_id": 0.747596,
      "name": 0.750391,
      "contact_email": 0.748881,
      "contact_phone": 0.747986
    },
    "EVENT": {
      "event_id": 0.745524,
      "name": 0.751716,
      "description": 0.755785,
      "start_date": 0.742342,
      "end_date": 0.738434,
      "location": 0.748204,
      "organizer_id": 0.752358,
      "sponsor_id": 0.753713,
      "club_id": 0.764468
    },
    "MATCH": {
      "match_id": 0.747065,
      "schedule_datetime": 0.736928,
      "location": 0.74502,
      "home_team_id": 0.759676,
      "away_team_id": 0.75694,
      "result": 0.746933,
      "match_status": 0.753216
    },
    "ASSOC_USER_USER": {
      "assoc_user_user_id": 1.0,
      "user_id": 1.0
    },
    "ASSOC_USER_INTEREST": {
      "assoc_user_interest_id": 0.749916,
      "user_id": 0.749916,
      "interest_id": 0.749916
    },
    "ASSOC_USER_TEAM": {
      "assoc_user_team_id": 0.353132,
      "user_id": 0.353132,
      "team_id": 0.353132
    },
    "ASSOC_USER_CLUB": {
      "assoc_user_club_id": 0.675664,
      "user_id": 0.675664,
      "club_id": 0.675664
    },
    "ASSOC_USER_EVENT": {
      "assoc_user_event_id": 0.875564,
      "user_id": 0.875564,
      "event_id": 0.875564
    },
    "ASSOC_USER_MATCH": {
      "assoc_user_match_id": 0.014532,
      "user_id": 0.014532,
      "match_id": 0.014532
    },
    "ASSOC_MATCH_TEAM": {
      "assoc_match_team_id": 0.242291,
      "match_id": 0.242291,
      "team_id": 0.242291
    },
    "ASSOC_EVENT_SPONSOR": {
      "assoc_event_sponsor_id": 0.353568,
      "event_id": 0.353568,
      "sponsor_id": 0.353568
    }
  },
  "relationship": [
    {
      "entity_1": "USER",
      "entity_2": "ASSOC_USER_USER",
      "description": "One USER can be associated with many ASSOC_USER_USER.",
      "cardinality": "1:N",
      "associative_entity": null,
      "probability": 1.0
    },
    {
      "entity_1": "USER",
      "entity_2": "ASSOC_USER_INTEREST",
      "description": "One USER can be associated with many ASSOC_USER_INTEREST.",
      "cardinality": "1:N",
      "associative_entity": null,
      "probability": 0.749916
    },
    {
      "entity_1": "INTEREST",
      "entity_2": "ASSOC_USER_INTEREST",
      "description": "One INTEREST can be associated with many ASSOC_USER_INTEREST.",
      "cardinality": "1:N",
      "associative_entity": null,
      "probability": 0.749916
    },
    {
      "entity_1": "USER",
      "entity_2": "ASSOC_USER_TEAM",
      "description": "One USER can be associated with many ASSOC_USER_TEAM.",
      "cardinality": "1:N",
      "associative_entity": null,
      "probability": 0.353132
    },
    {
      "entity_1": "TEAM",
      "entity_2": "ASSOC_USER_TEAM",
      "description": "One TEAM can be associated with many ASSOC_USER_TEAM.",
      "cardinality": "1:N",
      "associative_entity": null,
      "probability": 0.353132
    },
    {
      "entity_1": "USER",
      "entity_2": "ASSOC_USER_CLUB",
      "description": "One USER can be associated with many ASSOC_USER_CLUB.",
      "cardinality": "1:N",
      "associative_entity": null,
      "probability": 0.675664
    },
    {
      "entity_1": "CLUB",
      "entity_2": "ASSOC_USER_CLUB",
      "description": "One CLUB can be associated with many ASSOC_USER_CLUB.",
      "cardinality": "1:N",
      "associative_entity": null,
      "probability": 0.675664
    },
    {
      "entity_1": "USER",
      "entity_2": "ASSOC_USER_EVENT",
      "description": "One USER can be associated with many ASSOC_USER_EVENT.",
      "cardinality": "1:N",
      "associative_entity": null,
      "probability": 0.875564
    },
    {
      "entity_1": "EVENT",
      "entity_2": "ASSOC_USER_EVENT",
      "description": "One EVENT can be associated with many ASSOC_USER_EVENT.",
      "cardinality": "1:N",
      "associative_entity": null,
      "probability": 0.875564
    },
    {
      "entity_1": "USER",
      "entity_2": "ASSOC_USER_MATCH",
      "description": "One USER can be associated with many ASSOC_USER_MATCH.",
      "cardinality": "1:N",
      "associative_entity": null,
      "probability": 0.014532
    },
    {
      "entity_1": "MATCH",
      "entity_2": "ASSOC_USER_MATCH",
      "description": "One MATCH can be associated with many ASSOC_USER_MATCH.",
      "cardinality": "1:N",
      "associative_entity": null,
      "probability": 0.014532
    },
    {
      "entity_1": "TEAM",
      "entity_2": "CLUB",
      "cardinality": "N:1",
      "probability": 0.332438
    },
    {
      "entity_1": "MATCH",
      "entity_2": "ASSOC_MATCH_TEAM",
      "description": "One MATCH can be associated with many ASSOC_MATCH_TEAM.",
      "cardinality": "1:N",
      "associative_entity": null,
      "probability": 0.242291
    },
    {
      "entity_1": "TEAM",
      "entity_2": "ASSOC_MATCH_TEAM",
      "description": "One TEAM can be associated with many ASSOC_MATCH_TEAM.",
      "cardinality": "1:N",
      "associative_entity": null,
      "probability": 0.242291
    },
    {
      "entity_1": "EVENT",
      "entity_2": "ORGANIZER",
      "cardinality": "N:1",
      "probability": 0.162979
    },
    {
      "entity_1": "EVENT",
      "entity_2": "ASSOC_EVENT_SPONSOR",
      "description": "One EVENT can be associated with many ASSOC_EVENT_SPONSOR.",
      "cardinality": "1:N",
      "associative_entity": null,
      "probability": 0.353568
    },
    {
      "entity_1": "SPONSOR",
      "entity_2": "ASSOC_EVENT_SPONSOR",
      "description": "One SPONSOR can be associated with many ASSOC_EVENT_SPONSOR.",
      "cardinality": "1:N",
      "associative_entity": null,
      "probability": 0.353568
    },
    {
      "entity_1": "EVENT",
      "entity_2": "CLUB",
      "cardinality": "N:1",
      "probability": 0.011314
    }
  ],
  "processing_time": 42.74
}