{
  "filename": "358.txt",
  "entity": {
    "TENANT": 0.817574,
    "PROCESS_DEFINITION": 0.76904,
    "PROCESS_INSTANCE": 0.788649,
    "EXECUTION_INSTANCE": 0.792851,
    "TASK": 0.817574,
    "TASK_TYPE": 0.748061,
    "LOCK_INFO": 0.689397,
    "PROCESSOR_CONFIGURATION": 0.687187,
    "SCHEDULE": 0.707423,
    "REPEAT_CONFIGURATION": 0.651559,
    "TASK_EXECUTION": 0.789647
  },
  "attribute": {
    "TENANT": {
      "tenant_id": 0.747792,
      "name": 0.749564,
      "description": 0.759629
    },
    "PROCESS_DEFINITION": {
      "process_def_id": 0.758336,
      "name": 0.76375,
      "version": 0.766587,
      "description": 0.769794,
      "tenant_id": 0.768129
    },
    "PROCESS_INSTANCE": {
      "process_inst_id": 0.759292,
      "start_time": 0.7583,
      "end_time": 0.759891,
      "status": 0.766671,
      "process_def_id": 0.75704,
      "tenant_id": 0.765186
    },
    "EXECUTION_INSTANCE": {
      "exec_inst_id": 0.748447,
      "start_time": 0.754414,
      "end_time": 0.755624,
      "status": 0.764022,
      "process_inst_id": 0.758876,
      "tenant_id": 0.756383
    },
    "TASK": {
      "task_id": 0.762279,
      "name": 0.770422,
      "description": 0.775052,
      "task_type_id": 0.761904,
      "lock_info_id": 0.769495,
      "processor_config_id": 0.76567,
      "process_def_id": 0.765383,
      "tenant_id": 0.769864
    },
    "TASK_TYPE": {
      "task_type_id": 0.761607,
      "name": 0.769688,
      "description": 0.775826
    },
    "LOCK_INFO": {
      "lock_info_id": 0.749677,
      "lock_key": 0.746716,
      "lock_type": 0.752202,
      "timeout": 0.752542
    },
    "PROCESSOR_CONFIGURATION": {
      "processor_config_id": 0.754833,
      "processor_name": 0.756247,
      "config_json": 0.749463
    },
    "SCHEDULE": {
      "schedule_id": 0.753598,
      "task_id": 0.764009,
      "scheduled_time": 0.753566,
      "expiration_time": 0.753798,
      "repeat_config_id": 0.753803,
      "tenant_id": 0.758372
    },
    "REPEAT_CONFIGURATION": {
      "repeat_config_id": 0.744444,
      "interval": 0.751074,
      "unit": 0.754879,
      "repeat_count": 0.744639
    },
    "TASK_EXECUTION": {
      "task_exec_id": 0.767015,
      "exec_inst_id": 0.76166,
      "task_id": 0.767464,
      "start_time": 0.764512,
      "end_time": 0.765461,
      "execution_result": 0.765806,
      "exception_info": 0.774121
    }
  },
  "relationship": [
    {
      "entity_1": "TENANT",
      "entity_2": "PROCESS_DEFINITION",
      "cardinality": "1:N",
      "probability": 5e-05
    },
    {
      "entity_1": "TENANT",
      "entity_2": "PROCESS_INSTANCE",
      "cardinality": "1:N",
      "probability": 0.001607
    },
    {
      "entity_1": "TENANT",
      "entity_2": "EXECUTION_INSTANCE",
      "cardinality": "1:N",
      "probability": 0.197394
    },
    {
      "entity_1": "TENANT",
      "entity_2": "TASK",
      "cardinality": "1:N",
      "probability": 0.000784
    },
    {
      "entity_1": "TENANT",
      "entity_2": "SCHEDULE",
      "cardinality": "1:N",
      "probability": 0.000257
    },
    {
      "entity_1": "PROCESS_DEFINITION",
      "entity_2": "PROCESS_INSTANCE",
      "cardinality": "1:N",
      "probability": 0.800395
    },
    {
      "entity_1": "PROCESS_DEFINITION",
      "entity_2": "TASK",
      "cardinality": "1:N",
      "probability": 0.058059
    },
    {
      "entity_1": "PROCESS_INSTANCE",
      "entity_2": "EXECUTION_INSTANCE",
      "cardinality": "1:N",
      "probability": 0.985756
    },
    {
      "entity_1": "EXECUTION_INSTANCE",
      "entity_2": "TASK_EXECUTION",
      "cardinality": "1:N",
      "probability": 0.991081
    },
    {
      "entity_1": "TASK",
      "entity_2": "TASK_EXECUTION",
      "cardinality": "1:N",
      "probability": 0.999313
    },
    {
      "entity_1": "TASK_TYPE",
      "entity_2": "TASK",
      "cardinality": "1:N",
      "probability": 0.999929
    },
    {
      "entity_1": "LOCK_INFO",
      "entity_2": "TASK",
      "cardinality": "1:N",
      "probability": 0.863631
    },
    {
      "entity_1": "PROCESSOR_CONFIGURATION",
      "entity_2": "TASK",
      "cardinality": "1:N",
      "probability": 0.019238
    },
    {
      "entity_1": "TASK",
      "entity_2": "SCHEDULE",
      "cardinality": "1:N",
      "probability": 0.859813
    },
    {
      "entity_1": "REPEAT_CONFIGURATION",
      "entity_2": "SCHEDULE",
      "cardinality": "1:N",
      "probability": 0.000483
    }
  ],
  "processing_time": 61.21
}