{
  "filename": "396.txt",
  "entity": {
    "USER": 0.817574,
    "GUIDE": 0.817574,
    "HOTEL": 0.817574,
    "ATTRACTION": 0.697622,
    "ROUTE": 0.724381
  },
  "attribute": {
    "USER": {
      "username": 0.72937,
      "password": 0.741775,
      "avatar": 0.735595,
      "nickname": 0.737491,
      "information": 0.760704
    },
    "GUIDE": {
      "title": 0.755971,
      "category": 0.763354,
      "tag": 0.752893,
      "content": 0.758162,
      "information": 0.755589
    },
    "HOTEL": {
      "name": 0.772605,
      "introduction": 0.775092,
      "picture": 0.769507,
      "location": 0.771231,
      "information": 0.785825
    },
    "ATTRACTION": {
      "name": 0.747579,
      "introduction": 0.744275,
      "picture": 0.744741,
      "address": 0.752902,
      "open_hour": 0.751722,
      "tip": 0.741796,
      "day": 0.742285,
      "information": 0.752615
    },
    "ROUTE": {
      "name": 0.746525,
      "content": 0.750432,
      "tag": 0.746056,
      "introduction": 0.750555,
      "information": 0.758029
    }
  },
  "relationship": [
    {
      "entity_1": "USER",
      "entity_2": "GUIDE",
      "cardinality": "1:N",
      "probability": 0.096505
    }
  ],
  "processing_time": 15.4
}