{
  "filename": "397.txt",
  "entity": {
    "DEPARTMENT": 0.817574,
    "EMPLOYEE": 0.817574,
    "ATTENDANCE": 0.817574,
    "SALARY": 0.817574,
    "POSITION": 0.708457,
    "APPLICANT": 0.73709,
    "WORK_EXPERIENCE": 0.719766,
    "DOCUMENT": 0.709365,
    "INTERVIEW": 0.717582
  },
  "attribute": {
    "DEPARTMENT": {
      "department_id": 0.755412,
      "name": 0.756262,
      "location": 0.751792,
      "manager_id": 0.764101
    },
    "EMPLOYEE": {
      "employee_id": 0.773229,
      "first_name": 0.76758,
      "last_name": 0.769913,
      "hire_date": 0.770561,
      "job_title": 0.772917,
      "email": 0.761044,
      "phone": 0.75658,
      "department_id": 0.772259
    },
    "ATTENDANCE": {
      "attendance_id": 0.761374,
      "employee_id": 0.774003,
      "check_time": 0.759595,
      "attendance_date": 0.763449,
      "status": 0.758597
    },
    "SALARY": {
      "salary_id": 0.760271,
      "employee_id": 0.77054,
      "amount": 0.753051,
      "effective_date": 0.755484,
      "grade": 0.748445,
      "bonus": 0.740529
    },
    "POSITION": {
      "position_id": 0.741664,
      "title": 0.750143,
      "description": 0.746319,
      "department_id": 0.768432
    },
    "APPLICANT": {
      "applicant_id": 0.760253,
      "first_name": 0.75627,
      "last_name": 0.758508,
      "email": 0.752894,
      "phone": 0.74978,
      "applied_position_id": 0.76012,
      "application_date": 0.757722,
      "status": 0.76339
    },
    "WORK_EXPERIENCE": {
      "experience_id": 0.760545,
      "applicant_id": 0.768714,
      "company_name": 0.769019,
      "role": 0.76202,
      "start_date": 0.757454,
      "end_date": 0.75834,
      "description": 0.767071
    },
    "DOCUMENT": {
      "document_id": 0.733053,
      "applicant_id": 0.754891,
      "doc_type": 0.737475,
      "file_path": 0.725202,
      "upload_date": 0.736442
    },
    "INTERVIEW": {
      "interview_id": 0.75717,
      "applicant_id": 0.762688,
      "interviewer_employee_id": 0.767131,
      "interview_date": 0.756226,
      "result": 0.752672,
      "notes": 0.757626
    }
  },
  "relationship": [
    {
      "entity_1": "DEPARTMENT",
      "entity_2": "EMPLOYEE",
      "cardinality": "1:N",
      "probability": 0.999722
    },
    {
      "entity_1": "EMPLOYEE",
      "entity_2": "ATTENDANCE",
      "cardinality": "1:N",
      "probability": 0.969185
    },
    {
      "entity_1": "EMPLOYEE",
      "entity_2": "SALARY",
      "cardinality": "1:N",
      "probability": 0.631638
    },
    {
      "entity_1": "DEPARTMENT",
      "entity_2": "POSITION",
      "cardinality": "1:N",
      "probability": 0.937393
    },
    {
      "entity_1": "POSITION",
      "entity_2": "APPLICANT",
      "cardinality": "1:N",
      "probability": 0.097784
    },
    {
      "entity_1": "APPLICANT",
      "entity_2": "WORK_EXPERIENCE",
      "cardinality": "1:N",
      "probability": 0.015213
    },
    {
      "entity_1": "APPLICANT",
      "entity_2": "DOCUMENT",
      "cardinality": "1:N",
      "probability": 0.879419
    },
    {
      "entity_1": "APPLICANT",
      "entity_2": "INTERVIEW",
      "cardinality": "1:N",
      "probability": 0.779256
    },
    {
      "entity_1": "EMPLOYEE",
      "entity_2": "INTERVIEW",
      "cardinality": "1:N",
      "probability": 0.003464
    }
  ],
  "processing_time": 37.91
}