{
  "filename": "406.txt",
  "entity": {
    "ACCOUNT": 0.726234,
    "GENERAL_LEDGER": 0.698191,
    "ACCOUNT_RECEIVABLE": 0.67907,
    "ACCOUNT_PAYABLE": 0.668587,
    "CUSTOMER": 0.817574,
    "SUPPLIER": 0.817574,
    "COST_CENTER": 0.687767,
    "COST_ACCOUNTING": 0.687767,
    "EMPLOYEE": 0.735595,
    "PERFORMANCE_EVAL": 0.673619,
    "PRODUCTION_PLAN": 0.766347,
    "MATERIAL_REQUIREMENT_PLAN": 0.72033,
    "PRODUCTION_SCHEDULING": 0.756908,
    "SALE_ORDER": 0.750691,
    "PURCHASE_ORDER": 0.74708,
    "MATERIAL": 0.817574,
    "WAREHOUSE": 0.726989,
    "INVENTORY": 0.747439,
    "PROJECT_PLAN": 0.744121,
    "SUPPLIER_MATERIAL": 0.777698,
    "ASSOC_MATERIAL_WAREHOUSE": 0.111139,
    "ASSOC_SUPPLIER_MATERIAL": 0.000574
  },
  "attribute": {
    "ACCOUNT": {
      "account_id": 0.735089,
      "account_name": 0.73169,
      "account_type": 0.732433
    },
    "GENERAL_LEDGER": {
      "gl_id": 0.738689,
      "account_id": 0.739531,
      "entry_date": 0.743323,
      "entry_time": 0.743389,
      "amount": 0.744472,
      "description": 0.744377
    },
    "ACCOUNT_RECEIVABLE": {
      "ar_id": 0.73872,
      "customer_id": 0.745072,
      "amount": 0.747972,
      "due_date": 0.743105,
      "receipt_date": 0.741108
    },
    "ACCOUNT_PAYABLE": {
      "ap_id": 0.740063,
      "supplier_id": 0.750114,
      "amount": 0.740298,
      "due_date": 0.741394,
      "payment_date": 0.736748
    },
    "CUSTOMER": {
      "customer_id": 0.74459,
      "name": 0.743472,
      "contact_info": 0.745279,
      "address": 0.738027
    },
    "SUPPLIER": {
      "supplier_id": 0.755646,
      "name": 0.750974,
      "contact_info": 0.754114,
      "address": 0.74802
    },
    "COST_CENTER": {
      "cost_center_id": 0.754841,
      "name": 0.74584,
      "description": 0.755535
    },
    "COST_ACCOUNTING": {
      "ca_id": 0.751121,
      "cost_center_id": 0.758446,
      "expense_amount": 0.757872,
      "expense_date": 0.756576,
      "description": 0.75749
    },
    "EMPLOYEE": {
      "employee_id": 0.757137,
      "name": 0.752655,
      "position": 0.757167,
      "hire_date": 0.756003,
      "salary": 0.750231
    },
    "PERFORMANCE_EVAL": {
      "eval_id": 0.733305,
      "employee_id": 0.756131,
      "evaluation_date": 0.742789,
      "score": 0.74514,
      "comments": 0.737155
    },
    "PRODUCTION_PLAN": {
      "plan_id": 0.762878,
      "product_id": 0.757106,
      "quantity": 0.767972,
      "start_date": 0.754937,
      "end_date": 0.758048
    },
    "MATERIAL_REQUIREMENT_PLAN": {
      "mrp_id": 0.754044,
      "plan_id": 0.755749,
      "material_id": 0.754874,
      "required_quantity": 0.763637,
      "mrp_date": 0.75397
    },
    "PRODUCTION_SCHEDULING": {
      "schedule_id": 0.758292,
      "plan_id": 0.763975,
      "production_date": 0.757252,
      "status": 0.760749
    },
    "SALE_ORDER": {
      "order_id": 0.741298,
      "customer_id": 0.745945,
      "order_date": 0.741057,
      "total_amount": 0.752257,
      "status": 0.745558
    },
    "PURCHASE_ORDER": {
      "po_id": 0.74291,
      "supplier_id": 0.748587,
      "order_date": 0.738982,
      "total_amount": 0.750342,
      "status": 0.744589
    },
    "MATERIAL": {
      "material_id": 0.736203,
      "description": 0.743893,
      "type": 0.739488
    },
    "WAREHOUSE": {
      "warehouse_id": 0.758675,
      "address": 0.751636,
      "capacity": 0.764107
    },
    "INVENTORY": {
      "inventory_id": 0.749616,
      "material_id": 0.746181,
      "warehouse_id": 0.756835,
      "quantity": 0.75669,
      "last_updated": 0.747537
    },
    "PROJECT_PLAN": {
      "project_id": 0.750957,
      "name": 0.753045,
      "start_date": 0.748204,
      "end_date": 0.751401,
      "execution_status": 0.748121,
      "progress": 0.759672
    },
    "SUPPLIER_MATERIAL": {
      "sm_id": 0.750773,
      "supplier_id": 0.756726,
      "material_id": 0.752207,
      "supply_lead_time": 0.756078
    },
    "ASSOC_MATERIAL_WAREHOUSE": {
      "assoc_material_warehouse_id": 0.111139,
      "material_id": 0.111139,
      "warehouse_id": 0.111139
    },
    "ASSOC_SUPPLIER_MATERIAL": {
      "assoc_supplier_material_id": 0.000574,
      "supplier_id": 0.000574,
      "material_id": 0.000574
    }
  },
  "relationship": [
    {
      "entity_1": "ACCOUNT",
      "entity_2": "GENERAL_LEDGER",
      "cardinality": "1:N",
      "probability": 0.003312
    },
    {
      "entity_1": "CUSTOMER",
      "entity_2": "ACCOUNT_RECEIVABLE",
      "cardinality": "1:N",
      "probability": 0.005682
    },
    {
      "entity_1": "SUPPLIER",
      "entity_2": "ACCOUNT_PAYABLE",
      "cardinality": "1:N",
      "probability": 2.7e-05
    },
    {
      "entity_1": "COST_CENTER",
      "entity_2": "COST_ACCOUNTING",
      "cardinality": "1:N",
      "probability": 0.234431
    },
    {
      "entity_1": "EMPLOYEE",
      "entity_2": "PERFORMANCE_EVAL",
      "cardinality": "1:N",
      "probability": 0.01233
    },
    {
      "entity_1": "PRODUCTION_PLAN",
      "entity_2": "MATERIAL_REQUIREMENT_PLAN",
      "cardinality": "1:N",
      "probability": 0.002327
    },
    {
      "entity_1": "MATERIAL",
      "entity_2": "MATERIAL_REQUIREMENT_PLAN",
      "cardinality": "1:N",
      "probability": 0.992545
    },
    {
      "entity_1": "PRODUCTION_PLAN",
      "entity_2": "PRODUCTION_SCHEDULING",
      "cardinality": "1:N",
      "probability": 0.903936
    },
    {
      "entity_1": "CUSTOMER",
      "entity_2": "SALE_ORDER",
      "cardinality": "1:N",
      "probability": 0.604393
    },
    {
      "entity_1": "SUPPLIER",
      "entity_2": "PURCHASE_ORDER",
      "cardinality": "1:N",
      "probability": 0.235695
    },
    {
      "entity_1": "MATERIAL",
      "entity_2": "ASSOC_MATERIAL_WAREHOUSE",
      "description": "One MATERIAL can be associated with many ASSOC_MATERIAL_WAREHOUSE.",
      "cardinality": "1:N",
      "associative_entity": null,
      "probability": 0.111139
    },
    {
      "entity_1": "WAREHOUSE",
      "entity_2": "ASSOC_MATERIAL_WAREHOUSE",
      "description": "One WAREHOUSE can be associated with many ASSOC_MATERIAL_WAREHOUSE.",
      "cardinality": "1:N",
      "associative_entity": null,
      "probability": 0.111139
    },
    {
      "entity_1": "SUPPLIER",
      "entity_2": "ASSOC_SUPPLIER_MATERIAL",
      "description": "One SUPPLIER can be associated with many ASSOC_SUPPLIER_MATERIAL.",
      "cardinality": "1:N",
      "associative_entity": null,
      "probability": 0.000574
    },
    {
      "entity_1": "MATERIAL",
      "entity_2": "ASSOC_SUPPLIER_MATERIAL",
      "description": "One MATERIAL can be associated with many ASSOC_SUPPLIER_MATERIAL.",
      "cardinality": "1:N",
      "associative_entity": null,
      "probability": 0.000574
    }
  ],
  "processing_time": 95.52
}