{
  "filename": "411.txt",
  "entity": {
    "CUSTOMER": 0.817574,
    "CONTACT_PERSON": 0.710559,
    "CUSTOMER_TYPE": 0.754119,
    "PRODUCT": 0.817574,
    "PRODUCT_CATEGORY": 0.720068,
    "BRAND": 0.739891,
    "SUPPLIER": 0.732335,
    "ORDER": 0.817574,
    "ORDER_DETAIL": 0.735187,
    "PAYMENT": 0.817574
  },
  "attribute": {
    "CUSTOMER": {
      "customer_id": 0.764599,
      "name": 0.767117,
      "address": 0.763626,
      "phone": 0.766196,
      "email": 0.764647,
      "customer_type_id": 0.760569,
      "credit_rating": 0.769322
    },
    "CONTACT_PERSON": {
      "contact_id": 0.739143,
      "customer_id": 0.759464,
      "name": 0.742887,
      "phone": 0.744183,
      "email": 0.74285,
      "position": 0.74837
    },
    "CUSTOMER_TYPE": {
      "type_id": 0.753284,
      "type_name": 0.758321,
      "description": 0.777338
    },
    "PRODUCT": {
      "product_id": 0.738176,
      "name": 0.741615,
      "specification": 0.760934,
      "unit_price": 0.749414,
      "inventory_quantity": 0.758131,
      "production_date": 0.746036,
      "category_id": 0.738687,
      "brand_id": 0.742358,
      "supplier_id": 0.749638
    },
    "PRODUCT_CATEGORY": {
      "category_id": 0.738402,
      "category_name": 0.742068,
      "description": 0.756781
    },
    "BRAND": {
      "brand_id": 0.74148,
      "brand_name": 0.744191,
      "description": 0.743775
    },
    "SUPPLIER": {
      "supplier_id": 0.748126,
      "supplier_name": 0.752119,
      "contact_info": 0.758763,
      "address": 0.750587
    },
    "ORDER": {
      "order_id": 0.739866,
      "customer_id": 0.759844,
      "order_time": 0.740243,
      "order_status": 0.744638,
      "total_amount": 0.750893
    },
    "ORDER_DETAIL": {
      "order_detail_id": 0.747441,
      "order_id": 0.746426,
      "product_id": 0.748941,
      "quantity": 0.762134,
      "unit_price": 0.75921,
      "total_price": 0.757121
    },
    "PAYMENT": {
      "payment_id": 0.747984,
      "order_id": 0.748484,
      "payment_method": 0.751464,
      "payment_status": 0.752383,
      "payment_time": 0.749257,
      "amount": 0.752673
    }
  },
  "relationship": [
    {
      "entity_1": "CUSTOMER",
      "entity_2": "CONTACT_PERSON",
      "cardinality": "1:N",
      "probability": 0.219694
    },
    {
      "entity_1": "CUSTOMER",
      "entity_2": "ORDER",
      "cardinality": "1:N",
      "probability": 0.942698
    },
    {
      "entity_1": "CUSTOMER_TYPE",
      "entity_2": "CUSTOMER",
      "cardinality": "1:N",
      "probability": 0.994713
    },
    {
      "entity_1": "PRODUCT_CATEGORY",
      "entity_2": "PRODUCT",
      "cardinality": "1:N",
      "probability": 0.269431
    },
    {
      "entity_1": "BRAND",
      "entity_2": "PRODUCT",
      "cardinality": "1:N",
      "probability": 0.977552
    },
    {
      "entity_1": "SUPPLIER",
      "entity_2": "PRODUCT",
      "cardinality": "1:N",
      "probability": 0.016961
    },
    {
      "entity_1": "ORDER",
      "entity_2": "ORDER_DETAIL",
      "cardinality": "1:N",
      "probability": 0.999986
    },
    {
      "entity_1": "PRODUCT",
      "entity_2": "ORDER_DETAIL",
      "cardinality": "1:N",
      "probability": 0.998207
    },
    {
      "entity_1": "ORDER",
      "entity_2": "PAYMENT",
      "cardinality": "1:1",
      "probability": 0.648019
    }
  ],
  "processing_time": 43.49
}