{
  "filename": "440.txt",
  "entity": {
    "DEVICE": 0.817574,
    "PRODUCT_MODEL": 0.696291,
    "PERSON": 0.73964,
    "ROLE": 0.727307,
    "GROUP": 0.721698,
    "DEPARTMENT": 0.729976,
    "LOCATION": 0.720169,
    "INVENTORY_RECORD": 0.72234,
    "MAINTENANCE_REQUEST": 0.764984,
    "MAINTENANCE_RECORD": 0.754415
  },
  "attribute": {
    "DEVICE": {
      "device_id": 0.752902,
      "device_code": 0.76014,
      "qr_code": 0.763936,
      "device_image": 0.751447,
      "ip_address": 0.745054,
      "status": 0.76657,
      "status_update_time": 0.750753,
      "remark": 0.762834,
      "product_model_id": 0.752843,
      "group_id": 0.755756,
      "department_id": 0.764942,
      "location_id": 0.750876,
      "current_user_id": 0.75454
    },
    "PRODUCT_MODEL": {
      "model_id": 0.73861,
      "model_name": 0.742201,
      "product_name": 0.744726
    },
    "PERSON": {
      "person_id": 0.743503,
      "name": 0.739287,
      "contact_info": 0.749493,
      "account_status": 0.751994,
      "department_id": 0.75642,
      "role_id": 0.747467
    },
    "ROLE": {
      "role_id": 0.746639,
      "role_name": 0.748342
    },
    "GROUP": {
      "group_id": 0.73774,
      "group_name": 0.737896,
      "usage_type": 0.751366
    },
    "DEPARTMENT": {
      "department_id": 0.753898,
      "department_name": 0.756116
    },
    "LOCATION": {
      "location_id": 0.736351,
      "location_name": 0.738111
    },
    "INVENTORY_RECORD": {
      "inventory_id": 0.756276,
      "device_id": 0.766878,
      "inventory_person_id": 0.759834,
      "inventory_time": 0.756418,
      "location_id": 0.752703
    },
    "MAINTENANCE_REQUEST": {
      "request_id": 0.752221,
      "device_id": 0.766068,
      "requester_id": 0.755165,
      "request_time": 0.750999,
      "content": 0.765261,
      "status": 0.762157,
      "assigned_personnel_id": 0.766252,
      "handle_time": 0.753081,
      "remark": 0.764096
    },
    "MAINTENANCE_RECORD": {
      "record_id": 0.757528,
      "request_id": 0.757587,
      "device_id": 0.770041,
      "personnel_id": 0.773571,
      "maintenance_time": 0.763065,
      "content": 0.771398,
      "result": 0.766401,
      "satisfaction": 0.772736,
      "remark": 0.769256
    }
  },
  "relationship": [
    {
      "entity_1": "PRODUCT_MODEL",
      "entity_2": "DEVICE",
      "cardinality": "1:N",
      "probability": 0.981898
    },
    {
      "entity_1": "GROUP",
      "entity_2": "DEVICE",
      "cardinality": "1:N",
      "probability": 0.074123
    },
    {
      "entity_1": "DEPARTMENT",
      "entity_2": "DEVICE",
      "cardinality": "1:N",
      "probability": 0.159365
    },
    {
      "entity_1": "LOCATION",
      "entity_2": "DEVICE",
      "cardinality": "1:N",
      "probability": 0.961782
    },
    {
      "entity_1": "PERSON",
      "entity_2": "DEVICE",
      "cardinality": "1:N",
      "probability": 0.058565
    },
    {
      "entity_1": "ROLE",
      "entity_2": "PERSON",
      "cardinality": "1:N",
      "probability": 0.002134
    },
    {
      "entity_1": "DEPARTMENT",
      "entity_2": "PERSON",
      "cardinality": "1:N",
      "probability": 0.651976
    },
    {
      "entity_1": "DEVICE",
      "entity_2": "INVENTORY_RECORD",
      "cardinality": "1:N",
      "probability": 0.883294
    },
    {
      "entity_1": "PERSON",
      "entity_2": "INVENTORY_RECORD",
      "cardinality": "1:N",
      "probability": 0.992564
    },
    {
      "entity_1": "LOCATION",
      "entity_2": "INVENTORY_RECORD",
      "cardinality": "1:N",
      "probability": 0.906746
    },
    {
      "entity_1": "DEVICE",
      "entity_2": "MAINTENANCE_REQUEST",
      "cardinality": "1:N",
      "probability": 0.751283
    },
    {
      "entity_1": "PERSON",
      "entity_2": "MAINTENANCE_REQUEST",
      "cardinality": "1:N",
      "probability": 0.68894
    },
    {
      "entity_1": "PERSON",
      "entity_2": "MAINTENANCE_REQUEST",
      "cardinality": "1:N",
      "probability": 0.68894
    },
    {
      "entity_1": "MAINTENANCE_REQUEST",
      "entity_2": "MAINTENANCE_RECORD",
      "cardinality": "1:N",
      "probability": 0.655252
    },
    {
      "entity_1": "PERSON",
      "entity_2": "MAINTENANCE_RECORD",
      "cardinality": "1:N",
      "probability": 0.999783
    },
    {
      "entity_1": "DEVICE",
      "entity_2": "MAINTENANCE_RECORD",
      "cardinality": "1:N",
      "probability": 0.948222
    }
  ],
  "processing_time": 362.8
}