{
  "filename": "321.txt",
  "entity": {
    "USER": 0.817574,
    "FOOTBALL_FAN": 0.751719,
    "MEMBERSHIP": 0.817574,
    "CLUB": 0.742958,
    "TEAM": 0.817574,
    "PLAYER": 0.745148,
    "MATCH": 0.817574,
    "EVENT": 0.817574,
    "ORGANIZER": 0.73096,
    "SPONSOR": 0.717987,
    "INTEREST": 0.720994,
    "DISCOUNT": 0.712488,
    "MARKETING_ACTIVITY": 0.747212,
    "SERVICE": 0.71912,
    "USER_INTEREST": 0.878461,
    "TEAM_MEMBER": 0.75281,
    "CLUB_SPONSORSHIP": 0.383452,
    "FRIENDSHIP": 1.0
  },
  "attribute": {
    "USER": {
      "user id": 0.739064,
      "username": 0.740244,
      "password hash": 0.73994,
      "email": 0.748037,
      "registration date": 0.735695,
      "basic info": 0.749349,
      "profile picture url": 0.73999,
      "bio": 0.751153,
      "location": 0.739169,
      "friends": 0.752153,
      "interests": 0.764541
    },
    "FOOTBALL_FAN": {
      "fan id": 0.76569,
      "user id": 0.773525,
      "fan since": 0.77111,
      "favorite clubs": 0.77392,
      "favorite players": 0.769574
    },
    "MEMBERSHIP": {
      "membership id": 0.744114,
      "user id": 0.74518,
      "membership type": 0.759963,
      "start date": 0.744461,
      "end date": 0.741653,
      "discount id": 0.740792,
      "status": 0.759284
    },
    "CLUB": {
      "club id": 0.753707,
      "name": 0.761055,
      "location": 0.753667,
      "founded date": 0.754664,
      "sponsor id": 0.755251,
      "description": 0.767531
    },
    "TEAM": {
      "team id": 0.754043,
      "club id": 0.760221,
      "name": 0.755797,
      "creation date": 0.75391,
      "manager name": 0.761237,
      "roster": 0.763507,
      "team profile": 0.770659
    },
    "PLAYER": {
      "player id": 0.748883,
      "first name": 0.752858,
      "last name": 0.750277,
      "date of birth": 0.749059,
      "nationality": 0.74626,
      "position": 0.751409,
      "team id": 0.753874,
      "profile picture url": 0.750086
    },
    "MATCH": {
      "match id": 0.748177,
      "home team id": 0.759801,
      "away team id": 0.755957,
      "match date": 0.74626,
      "start time": 0.749916,
      "end time": 0.748976,
      "venue": 0.758122,
      "result": 0.746933,
      "timeline": 0.752578
    },
    "EVENT": {
      "event id": 0.746068,
      "name": 0.751716,
      "description": 0.755785,
      "event datetime": 0.738996,
      "organizer id": 0.753212,
      "club id": 0.761042,
      "venue": 0.757809,
      "related match id": 0.753585
    },
    "ORGANIZER": {
      "organizer id": 0.744134,
      "name": 0.752636,
      "contact email": 0.748187,
      "phone": 0.747179
    },
    "SPONSOR": {
      "sponsor id": 0.743535,
      "name": 0.750391,
      "contact email": 0.747419,
      "phone": 0.749151,
      "sponsorship level": 0.750962
    },
    "INTEREST": {
      "interest id": 0.739072,
      "name": 0.747116,
      "description": 0.754657
    },
    "DISCOUNT": {
      "discount id": 0.729783,
      "code": 0.730408,
      "description": 0.739236,
      "percentage": 0.734051,
      "valid from": 0.729212,
      "valid to": 0.731463
    },
    "MARKETING_ACTIVITY": {
      "activity id": 0.754985,
      "name": 0.760799,
      "description": 0.763967,
      "start date": 0.749945,
      "end date": 0.746803,
      "target audience": 0.766183,
      "sponsor id": 0.753671
    },
    "SERVICE": {
      "service id": 0.73553,
      "name": 0.745495,
      "description": 0.752531,
      "is premium": 0.746558
    },
    "USER_INTEREST": {
      "user_interest_id": 0.878461,
      "user_id": 0.878461,
      "interest_id": 0.878461
    },
    "TEAM_MEMBER": {
      "team_member_id": 0.75281,
      "user_id": 0.75281,
      "team_id": 0.75281
    },
    "CLUB_SPONSORSHIP": {
      "club_sponsorship_id": 0.383452,
      "club_id": 0.383452,
      "sponsor_id": 0.383452
    },
    "FRIENDSHIP": {
      "friendship_id": 1.0,
      "user_id": 1.0,
      "user_id_1": 1.0,
      "user_id_2": 1.0
    }
  },
  "relationship": [
    {
      "entity_1": "USER",
      "entity_2": "FOOTBALL_FAN",
      "description": "Each football fan record corresponds to exactly one registered user.",
      "cardinality": "1:1",
      "associative_entity": null,
      "probability": 0.101477
    },
    {
      "entity_1": "USER",
      "entity_2": "MEMBERSHIP",
      "description": "A user can hold multiple memberships over time, each membership belongs to one user.",
      "cardinality": "1:N",
      "associative_entity": null,
      "probability": 0.99836
    },
    {
      "entity_1": "DISCOUNT",
      "entity_2": "MEMBERSHIP",
      "description": "A discount can be applied to many memberships; each membership may reference one discount.",
      "cardinality": "1:N",
      "associative_entity": null,
      "probability": 0.624498
    },
    {
      "entity_1": "USER",
      "entity_2": "USER_INTEREST",
      "description": "One USER can be associated with many USER_INTEREST.",
      "cardinality": "1:N",
      "associative_entity": null,
      "probability": 0.878461
    },
    {
      "entity_1": "INTEREST",
      "entity_2": "USER_INTEREST",
      "description": "One INTEREST can be associated with many USER_INTEREST.",
      "cardinality": "1:N",
      "associative_entity": null,
      "probability": 0.878461
    },
    {
      "entity_1": "USER",
      "entity_2": "TEAM_MEMBER",
      "description": "One USER can be associated with many TEAM_MEMBER.",
      "cardinality": "1:N",
      "associative_entity": null,
      "probability": 0.75281
    },
    {
      "entity_1": "TEAM",
      "entity_2": "TEAM_MEMBER",
      "description": "One TEAM can be associated with many TEAM_MEMBER.",
      "cardinality": "1:N",
      "associative_entity": null,
      "probability": 0.75281
    },
    {
      "entity_1": "CLUB",
      "entity_2": "TEAM",
      "description": "A football club can manage many teams; each team belongs to one club.",
      "cardinality": "1:N",
      "associative_entity": null,
      "probability": 0.804262
    },
    {
      "entity_1": "TEAM",
      "entity_2": "PLAYER",
      "description": "A team has many players; each player is assigned to one team.",
      "cardinality": "1:N",
      "associative_entity": null,
      "probability": 0.033343
    },
    {
      "entity_1": "TEAM",
      "entity_2": "MATCH",
      "description": "A team can be the home team in many matches; each match has one home team.",
      "cardinality": "1:N",
      "associative_entity": null,
      "probability": 0.660266
    },
    {
      "entity_1": "TEAM",
      "entity_2": "MATCH",
      "description": "A team can be the away team in many matches; each match has one away team.",
      "cardinality": "1:N",
      "associative_entity": null,
      "probability": 0.660266
    },
    {
      "entity_1": "ORGANIZER",
      "entity_2": "EVENT",
      "description": "An event organizer can create multiple events; each event has one organizer.",
      "cardinality": "1:N",
      "associative_entity": null,
      "probability": 0.641753
    },
    {
      "entity_1": "CLUB",
      "entity_2": "EVENT",
      "description": "A club can host many events; each event is associated with one club.",
      "cardinality": "1:N",
      "associative_entity": null,
      "probability": 0.044502
    },
    {
      "entity_1": "MATCH",
      "entity_2": "EVENT",
      "description": "A match can have related events; each event may be linked to one match.",
      "cardinality": "1:N",
      "associative_entity": null,
      "probability": 0.882261
    },
    {
      "entity_1": "CLUB",
      "entity_2": "CLUB_SPONSORSHIP",
      "description": "One CLUB can be associated with many CLUB_SPONSORSHIP.",
      "cardinality": "1:N",
      "associative_entity": null,
      "probability": 0.383452
    },
    {
      "entity_1": "SPONSOR",
      "entity_2": "CLUB_SPONSORSHIP",
      "description": "One SPONSOR can be associated with many CLUB_SPONSORSHIP.",