{
  "filename": "396.txt",
  "entity": {
    "USER": 0.817574,
    "GUIDE": 0.817574,
    "HOTEL": 0.817574,
    "ATTRACTION": 0.697622,
    "ROUTE": 0.724381
  },
  "attribute": {
    "USER": {
      "user id": 0.736135,
      "username": 0.72937,
      "password": 0.741775,
      "avatar url": 0.733398,
      "nickname": 0.737491
    },
    "GUIDE": {
      "guide id": 0.752519,
      "title": 0.755971,
      "category": 0.763354,
      "tags": 0.753186,
      "content": 0.758162,
      "description": 0.756769
    },
    "HOTEL": {
      "hotel id": 0.76806,
      "name": 0.772605,
      "introduction": 0.775092,
      "pictures": 0.773484,
      "location": 0.771231
    },
    "ATTRACTION": {
      "attraction id": 0.746404,
      "name": 0.747579,
      "introduction": 0.744275,
      "pictures": 0.751321,
      "address": 0.752902,
      "open hours": 0.755237,
      "tip": 0.741796,
      "day info": 0.74816
    },
    "ROUTE": {
      "route id": 0.738436,
      "name": 0.746525,
      "content": 0.750432,
      "tags": 0.749011,
      "introduction": 0.750555
    }
  },
  "relationship": [
    {
      "entity_1": "USER",
      "entity_2": "GUIDE",
      "description": "A user can write many guides, and each guide is written by one user",
      "cardinality": "1:N",
      "associative_entity": null,
      "probability": 0.252974
    }
  ],
  "processing_time": 19.77
}