{
  "filename": "309.txt",
  "entity": {
    "CUSTOMER": 0.817574,
    "REGION": 0.817574,
    "INCOME_GROUP": 0.802279,
    "VEHICLE": 0.817574,
    "VEHICLE_SEGMENT": 0.801262,
    "POLICY": 0.817574,
    "INSURANCE_COVERAGE": 0.78686,
    "PURCHASE": 0.744692,
    "POLICY_VEHICLE": 0.75198,
    "SERVICE_INTERACTION": 0.696651,
    "GENDER": 0.718958,
    "MARITAL_STATUS": 0.678197,
    "COVERAGE_TYPE": 0.693875,
    "PAYMENT_METHOD": 0.686649,
    "ASSOC_POLICY_INSURANCE_COVERAGE": 0.961597,
    "ASSOC_POLICY_VEHICLE": 0.601929
  },
  "attribute": {
    "CUSTOMER": {
      "customer_id": 0.755176,
      "first_name": 0.75693,
      "last_name": 0.754541,
      "email": 0.755819,
      "phone_number": 0.749255,
      "gender_id": 0.758778,
      "date_of_birth": 0.755452,
      "marital_status_id": 0.757335,
      "address": 0.751629,
      "region_id": 0.758298,
      "income_group_id": 0.757907
    },
    "REGION": {
      "region_id": 0.746031,
      "region_name": 0.745766,
      "description": 0.752332
    },
    "INCOME_GROUP": {
      "income_group_id": 0.753571,
      "income_category": 0.75728,
      "min_income": 0.748283,
      "max_income": 0.747251
    },
    "VEHICLE": {
      "vehicle_id": 0.761626,
      "vin": 0.749518,
      "make": 0.755606,
      "model": 0.761749,
      "year": 0.760581,
      "license_plate": 0.760276,
      "customer_id": 0.770636,
      "segment_id": 0.766047
    },
    "VEHICLE_SEGMENT": {
      "segment_id": 0.764858,
      "segment_name": 0.76447,
      "description": 0.768541
    },
    "POLICY": {
      "policy_id": 0.757907,
      "policy_number": 0.759083,
      "effective_date": 0.750559,
      "expiry_date": 0.749919,
      "total_premium": 0.76498,
      "status": 0.759906,
      "purchase_id": 0.76116
    },
    "INSURANCE_COVERAGE": {
      "coverage_id": 0.770208,
      "coverage_type_id": 0.769904,
      "coverage_limit": 0.764401,
      "deductible": 0.75751,
      "description": 0.775992
    },
    "PURCHASE": {
      "purchase_id": 0.749082,
      "purchase_date": 0.749667,
      "expiration_date": 0.748117,
      "premium_amount": 0.760782,
      "payment_method_id": 0.742862,
      "customer_id": 0.754303
    },
    "POLICY_VEHICLE": {
      "policy_vehicle_id": 0.771746,
      "policy_id": 0.77187,
      "vehicle_id": 0.772668
    },
    "SERVICE_INTERACTION": {
      "interaction_id": 0.744683,
      "customer_id": 0.756758,
      "interaction_date": 0.745424,
      "interaction_type": 0.746167,
      "notes": 0.752397
    },
    "GENDER": {
      "gender_id": 0.751026,
      "gender_name": 0.747934
    },
    "MARITAL_STATUS": {
      "marital_status_id": 0.751404,
      "status_name": 0.749486
    },
    "COVERAGE_TYPE": {
      "coverage_type_id": 0.753546,
      "type_name": 0.75243
    },
    "PAYMENT_METHOD": {
      "payment_method_id": 0.738369,
      "method_name": 0.73931
    },
    "ASSOC_POLICY_INSURANCE_COVERAGE": {
      "assoc_policy_insurance_coverage_id": 0.961597,
      "policy_id": 0.961597,
      "insurance_coverage_id": 0.961597
    },
    "ASSOC_POLICY_VEHICLE": {
      "assoc_policy_vehicle_id": 0.601929,
      "policy_id": 0.601929,
      "vehicle_id": 0.601929
    }
  },
  "relationship": [
    {
      "entity_1": "CUSTOMER",
      "entity_2": "REGION",
      "cardinality": "N:1",
      "description": "Each customer resides in a single region",
      "probability": 0.997531
    },
    {
      "entity_1": "CUSTOMER",
      "entity_2": "INCOME_GROUP",
      "cardinality": "N:1",
      "description": "Each customer belongs to one income group",
      "probability": 0.019193
    },
    {
      "entity_1": "CUSTOMER",
      "entity_2": "VEHICLE",
      "cardinality": "1:N",
      "description": "A customer may own multiple vehicles",
      "probability": 0.03631
    },
    {
      "entity_1": "VEHICLE",
      "entity_2": "VEHICLE_SEGMENT",
      "cardinality": "N:1",
      "description": "Each vehicle is classified into one segment",
      "probability": 0.994724
    },
    {
      "entity_1": "CUSTOMER",
      "entity_2": "PURCHASE",
      "cardinality": "1:N",
      "description": "A customer can make many purchases",
      "probability": 0.931329
    },
    {
      "entity_1": "PURCHASE",
      "entity_2": "POLICY",
      "cardinality": "1:N",
      "description": "One purchase can generate one or more policy records (e.g., endorsements)",
      "probability": 0.493683
    },
    {
      "entity_1": "PURCHASE",
      "entity_2": "VEHICLE",
      "cardinality": "N:1",
      "description": "A purchase is tied to a specific vehicle",
      "probability": 0.030288
    },
    {
      "entity_1": "POLICY",
      "entity_2": "ASSOC_POLICY_INSURANCE_COVERAGE",
      "description": "One POLICY can be associated with many ASSOC_POLICY_INSURANCE_COVERAGE.",
      "cardinality": "1:N",
      "associative_entity": null,
      "probability": 0.961597
    },
    {
      "entity_1": "INSURANCE_COVERAGE",
      "entity_2": "ASSOC_POLICY_INSURANCE_COVERAGE",
      "description": "One INSURANCE_COVERAGE can be associated with many ASSOC_POLICY_INSURANCE_COVERAGE.",
      "cardinality": "1:N",
      "associative_entity": null,
      "probability": 0.961597
    },
    {
      "entity_1": "POLICY",
      "entity_2": "ASSOC_POLICY_VEHICLE",
      "description": "One POLICY can be associated with many ASSOC_POLICY_VEHICLE.",
      "cardinality": "1:N",
      "associative_entity": null,
      "probability": 0.601929
    },
    {
      "entity_1": "VEHICLE",
      "entity_2": "ASSOC_POLICY_VEHICLE",
      "description": "One VEHICLE can be associated with many ASSOC_POLICY_VEHICLE.",
      "cardinality": "1:N",
      "associative_entity": null,
      "probability": 0.601929
    },
    {
      "entity_1": "CUSTOMER",
      "entity_2": "SERVICE_INTERACTION",
      "cardinality": "1:N",
      "description": "Customer service events linked to a customer",
      "probability": 0.999736
    },
    {
      "entity_1": "GENDER",
      "entity_2": "CUSTOMER",
      "cardinality": "1:N",
      "description": "Lookup for gender values",
      "probability": 0.137709
    },
    {
      "entity_1": "MARITAL_STATUS",
      "entity_2": "CUSTOMER",
      "cardinality": "1:N",
      "description": "Lookup for marital status values",
      "probability": 0.922507
    },
    {
      "entity_1": "COVERAGE_TYPE",
      "entity_2": "INSURANCE_COVERAGE",
      "cardinality": "1:N",
      "description": "Lookup for coverage type values",
      "probability": 0.995017
    },
    {
      "entity_1": "PAYMENT_METHOD",
      "entity_2": "PURCHASE",
      "cardinality": "1:N",
      "description": "Lookup for payment method values",
      "probability": 0.411908
    }
  ],
  "processing_time": 47.97,
  "metadata": {
    "best_candidate": "candidate_2",
    "improvements_made": "Implemented the suggested enhancements: changed PURCHASE‑POLICY relationship to 1:N for endorsement flexibility, added POLICY_VEHICLE junction to support many‑to‑many coverage of vehicles by policies, introduced SERVICE_INTERACTION entity for customer service tracking, and created lookup tables (GENDER, MARITAL_STATUS, COVERAGE_TYPE, PAYMENT_METHOD) to enforce data integrity for static enumerations. Updated foreign‑key attributes accordingly while preserving the original comprehensive structure."
  }
}