{
  "filename": "315.txt",
  "entity": {
    "PERSONNEL": 0.817574,
    "STUDENT": 0.721778,
    "PROFESSOR": 0.719342,
    "BOOK": 0.817574,
    "BOOK_COPY": 0.732139,
    "CATEGORY": 0.71023,
    "PUBLISHER": 0.727564,
    "AUTHOR": 0.745622,
    "BORROW_EVENT": 0.718736,
    "ASSOC_BOOK_CATEGORY": 0.984667,
    "ASSOC_BOOK_COPY_CATEGORY": 0.00587,
    "ASSOC_BOOK_AUTHOR": 0.975557
  },
  "attribute": {
    "PERSONNEL": {
      "personnel_id": 0.749313,
      "name": 0.749039,
      "email": 0.745008,
      "phone": 0.738856,
      "address": 0.740998
    },
    "STUDENT": {
      "student_id": 0.745944,
      "personnel_id": 0.753253,
      "enrollment_year": 0.743008,
      "major": 0.742807
    },
    "PROFESSOR": {
      "professor_id": 0.740572,
      "personnel_id": 0.748399,
      "department": 0.746606,
      "title": 0.740494
    },
    "BOOK": {
      "book_id": 0.751922,
      "title": 0.747646,
      "isbn": 0.757773,
      "publication_year": 0.753144,
      "publisher_id": 0.749643
    },
    "BOOK_COPY": {
      "copy_id": 0.748958,
      "book_id": 0.754039,
      "barcode": 0.752487,
      "acquisition_date": 0.754064,
      "condition": 0.754838,
      "is_available": 0.751677
    },
    "CATEGORY": {
      "category_id": 0.732307,
      "name": 0.742519,
      "description": 0.744582
    },
    "PUBLISHER": {
      "publisher_id": 0.738099,
      "name": 0.742242,
      "address": 0.732906,
      "contact": 0.742391
    },
    "AUTHOR": {
      "author_id": 0.731844,
      "name": 0.732201,
      "biography": 0.735102
    },
    "BORROW_EVENT": {
      "borrow_id": 0.735793,
      "personnel_id": 0.745235,
      "copy_id": 0.732486,
      "borrow_date": 0.736004,
      "due_date": 0.733616,
      "return_date": 0.733093,
      "fine_amount": 0.737238,
      "status": 0.742265
    },
    "ASSOC_BOOK_CATEGORY": {
      "assoc_book_category_id": 0.984667,
      "book_id": 0.984667,
      "category_id": 0.984667
    },
    "ASSOC_BOOK_COPY_CATEGORY": {
      "assoc_book_copy_category_id": 0.00587,
      "book_copy_id": 0.00587,
      "category_id": 0.00587
    },
    "ASSOC_BOOK_AUTHOR": {
      "assoc_book_author_id": 0.975557,
      "book_id": 0.975557,
      "author_id": 0.975557
    }
  },
  "relationship": [
    {
      "entity_1": "PERSONNEL",
      "entity_2": "STUDENT",
      "cardinality": "1:1",
      "description": "Each student record extends a personnel record",
      "probability": 0.99723
    },
    {
      "entity_1": "PERSONNEL",
      "entity_2": "PROFESSOR",
      "cardinality": "1:1",
      "description": "Each professor record extends a personnel record",
      "probability": 0.992854
    },
    {
      "entity_1": "PUBLISHER",
      "entity_2": "BOOK",
      "cardinality": "1:N",
      "description": "A publisher can publish many books",
      "probability": 0.108337
    },
    {
      "entity_1": "BOOK",
      "entity_2": "BOOK_COPY",
      "cardinality": "1:N",
      "description": "Each book can have multiple physical copies",
      "probability": 0.999971
    },
    {
      "entity_1": "BOOK",
      "entity_2": "ASSOC_BOOK_CATEGORY",
      "description": "One BOOK can be associated with many ASSOC_BOOK_CATEGORY.",
      "cardinality": "1:N",
      "associative_entity": null,
      "probability": 0.984667
    },
    {
      "entity_1": "CATEGORY",
      "entity_2": "ASSOC_BOOK_CATEGORY",
      "description": "One CATEGORY can be associated with many ASSOC_BOOK_CATEGORY.",
      "cardinality": "1:N",
      "associative_entity": null,
      "probability": 0.984667
    },
    {
      "entity_1": "BOOK_COPY",
      "entity_2": "ASSOC_BOOK_COPY_CATEGORY",
      "description": "One BOOK_COPY can be associated with many ASSOC_BOOK_COPY_CATEGORY.",
      "cardinality": "1:N",
      "associative_entity": null,
      "probability": 0.00587
    },
    {
      "entity_1": "CATEGORY",
      "entity_2": "ASSOC_BOOK_COPY_CATEGORY",
      "description": "One CATEGORY can be associated with many ASSOC_BOOK_COPY_CATEGORY.",
      "cardinality": "1:N",
      "associative_entity": null,
      "probability": 0.00587
    },
    {
      "entity_1": "BOOK",
      "entity_2": "ASSOC_BOOK_AUTHOR",
      "description": "One BOOK can be associated with many ASSOC_BOOK_AUTHOR.",
      "cardinality": "1:N",
      "associative_entity": null,
      "probability": 0.975557
    },
    {
      "entity_1": "AUTHOR",
      "entity_2": "ASSOC_BOOK_AUTHOR",
      "description": "One AUTHOR can be associated with many ASSOC_BOOK_AUTHOR.",
      "cardinality": "1:N",
      "associative_entity": null,
      "probability": 0.975557
    },
    {
      "entity_1": "PERSONNEL",
      "entity_2": "BORROW_EVENT",
      "cardinality": "1:N",
      "description": "A personnel can initiate many borrow events",
      "probability": 0.698775
    },
    {
      "entity_1": "BOOK_COPY",
      "entity_2": "BORROW_EVENT",
      "cardinality": "1:N",
      "description": "A copy can be borrowed many times over its lifetime",
      "probability": 0.124003
    }
  ],
  "processing_time": 47.54,
  "metadata": {
    "best_candidate": "candidate_2",
    "improvements_made": "Merged RETURN_EVENT into BORROW_EVENT by adding return_date, fine_amount, and status attributes, eliminating the redundant 1:1 relationship. Introduced AUTHOR entity with an N:M BOOK‑AUTHOR relationship to capture author details. Added explicit N:M relationship between BOOK_COPY and CATEGORY for copy‑level categorisation. Defined status as an enumerated attribute (e.g., 'borrowed', 'overdue', 'returned') and noted a derived overdue_flag based on due_date and current date. Retained all strong points of the previous model while improving completeness, accuracy, and query efficiency."
  }
}