{
  "filename": "321.txt",
  "entity": {
    "USER": 0.817574,
    "PROFILE": 0.739236,
    "FRIENDSHIP": 0.738773,
    "INTEREST": 0.720994,
    "USER_INTEREST": 0.738387,
    "TEAM": 0.817574,
    "TEAM_MEMBER": 0.758963,
    "CLUB": 0.742958,
    "ORGANIZER": 0.73096,
    "SPONSOR": 0.717987,
    "CONTACT_INFO": 0.725518,
    "EVENT": 0.817574,
    "EVENT_PARTICIPANT": 0.765361,
    "EVENT_SPONSOR": 0.75534,
    "MATCH": 0.817574,
    "MATCH_PARTICIPANT": 0.758285,
    "MEMBERSHIP": 0.817574,
    "DISCOUNT": 0.712488,
    "MARKETING_CAMPAIGN": 0.690402
  },
  "attribute": {
    "USER": {
      "user_id": 0.741141,
      "username": 0.740244,
      "email": 0.748037,
      "password_hash": 0.737911,
      "created_at": 0.73669,
      "last_login": 0.733818
    },
    "PROFILE": {
      "profile_id": 0.740889,
      "user_id": 0.742231,
      "full_name": 0.74584,
      "date_of_birth": 0.740485,
      "gender": 0.754799,
      "city": 0.751851,
      "country": 0.747425,
      "bio": 0.751514,
      "profile_picture_url": 0.743788
    },
    "FRIENDSHIP": {
      "friendship_id": 0.746808,
      "user_id": 0.749853,
      "friend_user_id": 0.746838,
      "status": 0.756295,
      "created_at": 0.747434
    },
    "INTEREST": {
      "interest_id": 0.741436,
      "interest_name": 0.744727
    },
    "USER_INTEREST": {
      "user_id": 0.754061,
      "interest_id": 0.751919,
      "level": 0.765249
    },
    "TEAM": {
      "team_id": 0.758871,
      "team_name": 0.761071,
      "founded_date": 0.757182,
      "home_stadium": 0.762403,
      "club_id": 0.764425,
      "team_logo_url": 0.758995
    },
    "TEAM_MEMBER": {
      "team_id": 0.758327,
      "user_id": 0.754602,
      "joined_at": 0.75596,
      "role": 0.758447,
      "is_captain": 0.755223
    },
    "CLUB": {
      "club_id": 0.757857,
      "club_name": 0.762067,
      "headquarters_city": 0.757392,
      "headquarters_country": 0.753702,
      "established_year": 0.763162,
      "club_logo_url": 0.759272
    },
    "ORGANIZER": {
      "organizer_id": 0.744177,
      "organizer_name": 0.747103,
      "contact_info_id": 0.746855
    },
    "SPONSOR": {
      "sponsor_id": 0.747596,
      "sponsor_name": 0.750569,
      "contact_info_id": 0.749216,
      "sponsorship_level": 0.752501
    },
    "CONTACT_INFO": {
      "contact_info_id": 0.74311,
      "contact_email": 0.743666,
      "contact_phone": 0.741867,
      "address": 0.738471
    },
    "EVENT": {
      "event_id": 0.745524,
      "event_name": 0.746383,
      "event_type": 0.750644,
      "start_datetime": 0.738795,
      "end_datetime": 0.735533,
      "venue": 0.757809,
      "organizer_id": 0.752358,
      "description": 0.755785
    },
    "EVENT_PARTICIPANT": {
      "event_id": 0.75133,
      "team_id": 0.761572,
      "participation_role": 0.762575,
      "registered_at": 0.749125
    },
    "EVENT_SPONSOR": {
      "event_id": 0.751719,
      "sponsor_id": 0.752377,
      "sponsorship_amount": 0.749944,
      "contract_start": 0.749429,
      "contract_end": 0.744722
    },
    "MATCH": {
      "match_id": 0.747065,
      "match_date": 0.743685,
      "venue": 0.758122,
      "match_status": 0.753216,
      "home_team_id": 0.759676,
      "away_team_id": 0.75694,
      "home_score": 0.749791,
      "away_score": 0.745763,
      "timeline_json": 0.750932
    },
    "MATCH_PARTICIPANT": {
      "match_id": 0.752647,
      "team_id": 0.7628,
      "goals_scored": 0.761115,
      "yellow_cards": 0.750877,
      "red_cards": 0.74799
    },
    "MEMBERSHIP": {
      "membership_id": 0.746275,
      "user_id": 0.746649,
      "membership_type": 0.754297,
      "start_date": 0.744117,
      "end_date": 0.741742,
      "is_active": 0.748726,
      "discount_rate": 0.745949
    },
    "DISCOUNT": {
      "discount_id": 0.730345,
      "membership_type": 0.747659,
      "percentage": 0.734051,
      "valid_from": 0.731072,
      "valid_to": 0.732876
    },
    "MARKETING_CAMPAIGN": {
      "campaign_id": 0.743847,
      "campaign_name": 0.747655,
      "start_date": 0.740721,
      "end_date": 0.736303,
      "target_audience": 0.754593,
      "budget": 0.742883,
      "organizer_id": 0.754947
    }
  },
  "relationship": [
    {
      "entity_1": "USER",
      "entity_2": "PROFILE",
      "cardinality": "1:1",
      "description": "Each user has exactly one profile",
      "probability": 0.999145
    },
    {
      "entity_1": "USER",
      "entity_2": "FRIENDSHIP",
      "cardinality": "1:N",
      "description": "A user can have many friendship rows (both sent and received)",
      "probability": 0.807672
    },
    {
      "entity_1": "USER",
      "entity_2": "USER_INTEREST",
      "cardinality": "1:N",
      "description": "A user can have multiple interest entries",
      "probability": 0.99387
    },
    {
      "entity_1": "INTEREST",
      "entity_2": "USER_INTEREST",
      "cardinality": "1:N",
      "description": "An interest can be linked to many users",
      "probability": 0.999898
    },
    {
      "entity_1": "USER",
      "entity_2": "TEAM_MEMBER",
      "cardinality": "1:N",
      "description": "A user can be member of many teams",
      "probability": 0.953334
    },
    {
      "entity_1": "TEAM",
      "entity_2": "TEAM_MEMBER",
      "cardinality": "1:N",
      "description": "A team has many members",
      "probability": 0.999686
    },
    {
      "entity_1": "TEAM",
      "entity_2": "CLUB",
      "cardinality": "N:1",
      "description": "Multiple teams belong to a single club",
      "probability": 0.712717
    },
    {
      "entity_1": "ORGANIZER",
      "entity_2": "CONTACT_INFO",
      "cardinality": "1:1",
      "description": "Organizer references a reusable contact information record",
      "probability": 0.004046
    },
    {
      "entity_1": "SPONSOR",
      "entity_2": "CONTACT_INFO",
      "cardinality": "1:1",
      "description": "Sponsor references a reusable contact information record",
      "probability": 0.939398
    },
    {
      "entity_1": "EVENT",
      "entity_2": "ORGANIZER",
      "cardinality": "N:1",
      "description": "An organizer can create many events",
      "probability": 0.478376
    },
    {
      "entity_1": "EVENT",
      "entity_2": "EVENT_PARTICIPANT",
      "cardinality": "1:N",
      "description": "An event can have many participating teams",
      "probability": 0.819281
    },
    {
      "entity_1": "TEAM",
      "entity_2": "EVENT_PARTICIPANT",
      "cardinality": "1:N",
      "description": "A team can participate in many events",
      "probability": 0.028268
    },
    {
      "entity_1": "EVENT",
      "entity_2": "EVENT_SPONSOR",
      "cardinality": "1:N",
      "description": "An event can have multiple sponsor contracts",
      "probability": 0.987821
    },
    {
      "entity_1": "SPONSOR",
      "entity_2": "EVENT_SPONSOR",
      "cardinality": "1:N",
      "description": "A sponsor can support multiple events",
      "probability": 0.997736
    },
    {
      "entity_1": "MATCH",
      "entity_2": "MATCH_PARTICIPANT",
      "cardinality": "1:N",
      "description": "Each match records participation details for each team",
      "probability": 0.998171
    },
    {
      "entity_1": "TEAM",
      "entity_2": "MATCH_PARTICIPANT",
      "cardinality": "1:N",
      "description": "A team can appear in many match participation rows",
      "probability": 0.108926
    },
    {
      "entity_1": "USER",
      "entity_2": "MEMBERSHIP",
      "cardinality": "1:1",
      "description": "Each user holds a single membership record",
      "probability": 0.997827
    },
    {
      "entity_1": "MEMBERSHIP",
      "entity_2": "DISCOUNT",
      "cardinality": "N:1",
      "description": "Membership types reference a discount definition",
      "probability": 0.423401
    },
    {
      "entity_1": "ORGANIZER",
      "entity_2": "MARKETING_CAMPAIGN",
      "cardinality": "1:N",