{
  "filename": "402.txt",
  "entity": {
    "DOCTOR": 0.732099,
    "DEPARTMENT": 0.817574,
    "PATIENT": 0.727644,
    "DIAGNOSIS_TREATMENT": 0.7817,
    "WARD": 0.817574,
    "REGISTRATION_CATEGORY": 0.756779,
    "DRUG": 0.817574,
    "DRUG_LIST": 0.750129,
    "PRESCRIPTION": 0.740468
  },
  "attribute": {
    "DOCTOR": {
      "doctor_id": 0.760456,
      "first_name": 0.76497,
      "last_name": 0.763371,
      "gender": 0.75964,
      "title": 0.760761,
      "date_of_birth": 0.756604,
      "employment_date": 0.757587,
      "work_permit_number": 0.760399,
      "department_id": 0.765876
    },
    "DEPARTMENT": {
      "department_id": 0.756881,
      "department_number": 0.75941,
      "department_name": 0.76084,
      "personnel_count": 0.767762,
      "phone_number": 0.759915,
      "address": 0.759114
    },
    "PATIENT": {
      "patient_id": 0.763417,
      "first_name": 0.765311,
      "last_name": 0.763419,
      "gender": 0.760355,
      "date_of_birth": 0.754809,
      "age": 0.752168,
      "contact_phone": 0.762873,
      "contact_email": 0.755033,
      "address": 0.766735,
      "registration_date": 0.756506,
      "ward_id": 0.77127,
      "category_id": 0.770039,
      "diagnosis_summary": 0.770688,
      "consultation_date": 0.756792
    },
    "DIAGNOSIS_TREATMENT": {
      "case_number": 0.762255,
      "diagnosis_date": 0.74963,
      "diagnosis_detail": 0.765002,
      "treatment_detail": 0.764471,
      "doctor_id": 0.762448,
      "patient_id": 0.762572
    },
    "WARD": {
      "ward_id": 0.757749,
      "ward_number": 0.763005,
      "total_beds": 0.764315,
      "occupied_beds": 0.762079,
      "ward_level": 0.762125,
      "department_id": 0.766765
    },
    "REGISTRATION_CATEGORY": {
      "category_id": 0.746702,
      "category_code": 0.753285,
      "category_description": 0.760479
    },
    "DRUG": {
      "drug_id": 0.762309,
      "drug_name": 0.75999,
      "quantity_in_stock": 0.758285,
      "unit_price": 0.760012,
      "barcode": 0.762024,
      "list_id": 0.771674
    },
    "DRUG_LIST": {
      "list_id": 0.772315,
      "list_number": 0.775198,
      "list_name": 0.77243,
      "creation_date": 0.763487
    },
    "PRESCRIPTION": {
      "prescription_id": 0.757224,
      "case_number": 0.764704,
      "drug_id": 0.763826,
      "dosage": 0.755473,
      "frequency": 0.755448,
      "duration": 0.749078,
      "prescription_date": 0.751592
    }
  },
  "relationship": [
    {
      "entity_1": "DOCTOR",
      "entity_2": "DEPARTMENT",
      "cardinality": "N:1",
      "description": "Each doctor belongs to one department; a department employs many doctors",
      "probability": 0.005535
    },
    {
      "entity_1": "DEPARTMENT",
      "entity_2": "WARD",
      "cardinality": "1:N",
      "description": "A department manages multiple wards",
      "probability": 0.868037
    },
    {
      "entity_1": "PATIENT",
      "entity_2": "WARD",
      "cardinality": "N:1",
      "description": "Each patient is admitted to one ward; a ward hosts many patients",
      "probability": 6.6e-05
    },
    {
      "entity_1": "PATIENT",
      "entity_2": "REGISTRATION_CATEGORY",
      "cardinality": "N:1",
      "description": "Each patient registers under a single registration category",
      "probability": 0.01484
    },
    {
      "entity_1": "PATIENT",
      "entity_2": "DIAGNOSIS_TREATMENT",
      "cardinality": "1:N",
      "description": "A patient can have multiple diagnosis/treatment cases",
      "probability": 0.999338
    },
    {
      "entity_1": "DOCTOR",
      "entity_2": "DIAGNOSIS_TREATMENT",
      "cardinality": "1:N",
      "description": "A doctor can create many diagnosis/treatment records",
      "probability": 0.96805
    },
    {
      "entity_1": "DIAGNOSIS_TREATMENT",
      "entity_2": "PRESCRIPTION",
      "cardinality": "1:N",
      "description": "Each diagnosis/treatment case may generate many prescriptions",
      "probability": 0.138863
    },
    {
      "entity_1": "DRUG",
      "entity_2": "PRESCRIPTION",
      "cardinality": "1:N",
      "description": "A drug can appear in many prescriptions",
      "probability": 0.01017
    },
    {
      "entity_1": "DRUG_LIST",
      "entity_2": "DRUG",
      "cardinality": "1:N",
      "description": "A drug list groups multiple drugs",
      "probability": 0.999149
    }
  ],
  "processing_time": 24.54,
  "metadata": {
    "best_candidate": "candidate_2",
    "improvements_made": "Added explicit foreign‑key attributes (department_id in DOCTOR, ward_id and category_id in PATIENT, doctor_id and patient_id in DIAGNOSIS_TREATMENT, department_id in WARD, list_id in DRUG) to enforce relationships. Standardised date attribute names (date_of_birth, diagnosis_date, prescription_date, registration_date). Included missing domain details: department_number, patient address, registration_date, and prescription_date. Clarified many‑to‑many drug usage via the PRESCRIPTION associative entity. Ensured all eight core entities and their essential relationships are represented with clear cardinalities."
  }
}