{
  "filename": "442.txt",
  "entity": {
    "MEDICAL_INSTITUTION": 0.810629,
    "DEPARTMENT": 0.817574,
    "PERSONNEL": 0.744464,
    "VEHICLE": 0.817574,
    "WASTE_TYPE": 0.762982,
    "WASTE_ITEM": 0.763957,
    "INBOUND_BATCH": 0.72486,
    "OUTBOUND_BATCH": 0.746664,
    "INBOUND_BATCH_ITEM": 0.698297,
    "OUTBOUND_BATCH_ITEM": 0.719988
  },
  "attribute": {
    "MEDICAL_INSTITUTION": {
      "institution_id": 0.756475,
      "name": 0.751649,
      "address": 0.753374,
      "contact_info": 0.755018
    },
    "DEPARTMENT": {
      "department_id": 0.749537,
      "institution_id": 0.749949,
      "name": 0.75187,
      "description": 0.760178
    },
    "PERSONNEL": {
      "personnel_id": 0.762442,
      "institution_id": 0.761704,
      "department_id": 0.759707,
      "name": 0.758615,
      "role": 0.75803,
      "contact_info": 0.760727
    },
    "VEHICLE": {
      "vehicle_id": 0.752956,
      "institution_id": 0.762359,
      "license_plate": 0.75272,
      "model": 0.755691,
      "capacity": 0.762733
    },
    "WASTE_TYPE": {
      "type_id": 0.75855,
      "name": 0.765277,
      "description": 0.771636
    },
    "WASTE_ITEM": {
      "waste_id": 0.764912,
      "traceability_code": 0.76168,
      "type_id": 0.758097,
      "weight": 0.76345,
      "generation_time": 0.759298,
      "collection_time": 0.754757,
      "status": 0.770928,
      "department_id": 0.771086,
      "inbound_batch_id": 0.764046,
      "outbound_batch_id": 0.7641
    },
    "INBOUND_BATCH": {
      "inbound_batch_id": 0.750867,
      "batch_number": 0.749598,
      "expected_quantity": 0.756874,
      "actual_quantity": 0.756167,
      "expected_weight": 0.756422,
      "actual_weight": 0.755996,
      "inbound_time": 0.747067,
      "collector_id": 0.760639,
      "confirmer_id": 0.749194
    },
    "OUTBOUND_BATCH": {
      "outbound_batch_id": 0.751692,
      "batch_number": 0.750016,
      "outbound_quantity": 0.759401,
      "outbound_weight": 0.759095,
      "outbound_time": 0.748082,
      "transporter_id": 0.760127,
      "confirmer_id": 0.750215,
      "vehicle_id": 0.762751,
      "start_time": 0.745463,
      "end_time": 0.750016
    },
    "INBOUND_BATCH_ITEM": {
      "inbound_batch_id": 0.752532,
      "waste_id": 0.768192,
      "quantity": 0.761839,
      "weight": 0.763164
    },
    "OUTBOUND_BATCH_ITEM": {
      "outbound_batch_id": 0.753446,
      "waste_id": 0.768142,
      "quantity": 0.762479,
      "weight": 0.763643
    }
  },
  "relationship": [
    {
      "entity_1": "DEPARTMENT",
      "entity_2": "MEDICAL_INSTITUTION",
      "cardinality": "N:1",
      "description": "Each department belongs to one medical institution",
      "probability": 0.509295
    },
    {
      "entity_1": "PERSONNEL",
      "entity_2": "MEDICAL_INSTITUTION",
      "cardinality": "N:1",
      "description": "Personnel are employed by a single medical institution",
      "probability": 0.9971
    },
    {
      "entity_1": "PERSONNEL",
      "entity_2": "DEPARTMENT",
      "cardinality": "N:1",
      "description": "Personnel may be assigned to a specific department",
      "probability": 0.972463
    },
    {
      "entity_1": "VEHICLE",
      "entity_2": "MEDICAL_INSTITUTION",
      "cardinality": "N:1",
      "description": "Vehicles are owned by one medical institution",
      "probability": 0.124099
    },
    {
      "entity_1": "WASTE_ITEM",
      "entity_2": "DEPARTMENT",
      "cardinality": "N:1",
      "description": "Waste items are generated by a department",
      "probability": 0.034672
    },
    {
      "entity_1": "WASTE_ITEM",
      "entity_2": "WASTE_TYPE",
      "cardinality": "N:1",
      "description": "Each waste item has a defined waste type",
      "probability": 0.951422
    },
    {
      "entity_1": "INBOUND_BATCH",
      "entity_2": "PERSONNEL",
      "cardinality": "N:1",
      "description": "Collector (collector_id) is a personnel record",
      "probability": 0.98387
    },
    {
      "entity_1": "INBOUND_BATCH",
      "entity_2": "PERSONNEL",
      "cardinality": "N:1",
      "description": "Confirmer (confirmer_id) is a personnel record",
      "probability": 0.98387
    },
    {
      "entity_1": "OUTBOUND_BATCH",
      "entity_2": "PERSONNEL",
      "cardinality": "N:1",
      "description": "Transporter (transporter_id) is a personnel record",
      "probability": 0.990166
    },
    {
      "entity_1": "OUTBOUND_BATCH",
      "entity_2": "PERSONNEL",
      "cardinality": "N:1",
      "description": "Confirmer (confirmer_id) is a personnel record",
      "probability": 0.990166
    },
    {
      "entity_1": "OUTBOUND_BATCH",
      "entity_2": "VEHICLE",
      "cardinality": "N:1",
      "description": "Each outbound batch uses one vehicle",
      "probability": 0.988523
    },
    {
      "entity_1": "INBOUND_BATCH",
      "entity_2": "INBOUND_BATCH_ITEM",
      "cardinality": "1:N",
      "description": "An inbound batch groups multiple waste items",
      "probability": 0.999914
    },
    {
      "entity_1": "INBOUND_BATCH_ITEM",
      "entity_2": "WASTE_ITEM",
      "cardinality": "N:1",
      "description": "Each inbound batch item references a waste item",
      "probability": 0.004008
    },
    {
      "entity_1": "OUTBOUND_BATCH",
      "entity_2": "OUTBOUND_BATCH_ITEM",
      "cardinality": "1:N",
      "description": "An outbound batch groups multiple waste items for transport",
      "probability": 0.999897
    },
    {
      "entity_1": "OUTBOUND_BATCH_ITEM",
      "entity_2": "WASTE_ITEM",
      "cardinality": "N:1",
      "description": "Each outbound batch item references a waste item",
      "probability": 0.055509
    }
  ],
  "processing_time": 23.95,
  "metadata": {
    "best_candidate": "candidate_1",
    "improvements_made": "Added WASTE_TYPE entity for standardized classification; introduced INBOUND_BATCH_ITEM and OUTBOUND_BATCH_ITEM associative entities to allow batches to contain multiple waste items; linked waste items to batches via optional foreign keys; added department_id to PERSONNEL for clearer assignment; refined role handling in PERSONNEL; clarified relationships for collectors, confirmers, transporters, and vehicles; ensured traceability_code uniqueness and status tracking; improved cardinalities to reflect real-world many‑to‑many batch‑item relationships while keeping the model normalized and extensible."
  }
}