{
  "filename": "447.txt",
  "entity": {
    "USER": 0.817574,
    "ROLE": 0.727088,
    "UNIT": 0.728317,
    "FINANCIAL_DOCUMENT": 0.75606,
    "DOCUMENT_CATEGORY": 0.732883,
    "DOCUMENT_LEVEL": 0.746872,
    "DOCUMENT_ATTACHMENT": 0.748325,
    "DOCUMENT_OPERATION_LOG": 0.723882,
    "NOTIFICATION": 0.817574,
    "NOTIFICATION_STATUS": 0.778888,
    "CONFIGURATION": 0.70676,
    "CONFIG_TYPE": 0.706262,
    "ADMIN_OPERATION_LOG": 0.720471,
    "ASSOC_USER_ROLE": 0.997573,
    "ASSOC_USER_UNIT": 0.995138
  },
  "attribute": {
    "USER": {
      "user_id": 0.745283,
      "username": 0.738435,
      "password_hash": 0.737349,
      "phone_number": 0.739251,
      "email": 0.747845,
      "created_at": 0.742297
    },
    "ROLE": {
      "role_id": 0.750758,
      "role_name": 0.755219,
      "description": 0.76022
    },
    "UNIT": {
      "unit_id": 0.738055,
      "unit_name": 0.739369,
      "parent_unit_id": 0.734288,
      "address": 0.743235
    },
    "FINANCIAL_DOCUMENT": {
      "doc_id": 0.761358,
      "title": 0.761623,
      "doc_number": 0.758356,
      "issue_date": 0.758145,
      "validity_status": 0.765822,
      "remark": 0.760935,
      "content_path": 0.761111
    },
    "DOCUMENT_CATEGORY": {
      "category_id": 0.74806,
      "category_name": 0.749729,
      "description": 0.760679
    },
    "DOCUMENT_LEVEL": {
      "level_id": 0.751046,
      "level_name": 0.752341,
      "security_classification": 0.762938
    },
    "DOCUMENT_ATTACHMENT": {
      "attachment_id": 0.747716,
      "doc_id": 0.750225,
      "file_path": 0.746718,
      "file_type": 0.750744,
      "uploaded_at": 0.750353
    },
    "DOCUMENT_OPERATION_LOG": {
      "log_id": 0.755674,
      "doc_id": 0.757041,
      "operator_user_id": 0.760562,
      "operation_type": 0.759839,
      "operation_time": 0.757072,
      "description": 0.766245
    },
    "NOTIFICATION": {
      "notif_id": 0.745346,
      "content": 0.758192,
      "issue_date": 0.746677,
      "publisher_user_id": 0.753208
    },
    "NOTIFICATION_STATUS": {
      "status_id": 0.747713,
      "status_name": 0.750535
    },
    "CONFIGURATION": {
      "config_id": 0.75078,
      "key": 0.756586,
      "value": 0.754089,
      "type_id": 0.748372,
      "directory_path": 0.747753,
      "last_modified": 0.745793
    },
    "CONFIG_TYPE": {
      "type_id": 0.743395,
      "type_name": 0.744906,
      "description": 0.759637
    },
    "ADMIN_OPERATION_LOG": {
      "log_id": 0.753869,
      "admin_user_id": 0.754139,
      "operation": 0.760889,
      "target_entity": 0.752284,
      "target_id": 0.751844,
      "timestamp": 0.755858,
      "details": 0.76466
    },
    "ASSOC_USER_ROLE": {
      "assoc_user_role_id": 0.997573,
      "user_id": 0.997573,
      "role_id": 0.997573
    },
    "ASSOC_USER_UNIT": {
      "assoc_user_unit_id": 0.995138,
      "user_id": 0.995138,
      "unit_id": 0.995138
    }
  },
  "relationship": [
    {
      "entity_1": "USER",
      "entity_2": "ASSOC_USER_ROLE",
      "description": "One USER can be associated with many ASSOC_USER_ROLE.",
      "cardinality": "1:N",
      "associative_entity": null,
      "probability": 0.997573
    },
    {
      "entity_1": "ROLE",
      "entity_2": "ASSOC_USER_ROLE",
      "description": "One ROLE can be associated with many ASSOC_USER_ROLE.",
      "cardinality": "1:N",
      "associative_entity": null,
      "probability": 0.997573
    },
    {
      "entity_1": "USER",
      "entity_2": "ASSOC_USER_UNIT",
      "description": "One USER can be associated with many ASSOC_USER_UNIT.",
      "cardinality": "1:N",
      "associative_entity": null,
      "probability": 0.995138
    },
    {
      "entity_1": "UNIT",
      "entity_2": "ASSOC_USER_UNIT",
      "description": "One UNIT can be associated with many ASSOC_USER_UNIT.",
      "cardinality": "1:N",
      "associative_entity": null,
      "probability": 0.995138
    },
    {
      "entity_1": "FINANCIAL_DOCUMENT",
      "entity_2": "DOCUMENT_CATEGORY",
      "cardinality": "N:1",
      "description": "Each document belongs to one category",
      "probability": 0.669083
    },
    {
      "entity_1": "FINANCIAL_DOCUMENT",
      "entity_2": "DOCUMENT_LEVEL",
      "cardinality": "N:1",
      "description": "Each document has a defined level",
      "probability": 0.915412
    },
    {
      "entity_1": "FINANCIAL_DOCUMENT",
      "entity_2": "DOCUMENT_ATTACHMENT",
      "cardinality": "1:N",
      "description": "A document can have multiple attachments",
      "probability": 0.078976
    },
    {
      "entity_1": "FINANCIAL_DOCUMENT",
      "entity_2": "DOCUMENT_OPERATION_LOG",
      "cardinality": "1:N",
      "description": "All operations on a document are logged",
      "probability": 0.200145
    },
    {
      "entity_1": "USER",
      "entity_2": "DOCUMENT_OPERATION_LOG",
      "cardinality": "1:N",
      "description": "A user may perform many document operations",
      "probability": 0.993629
    },
    {
      "entity_1": "NOTIFICATION",
      "entity_2": "NOTIFICATION_STATUS",
      "cardinality": "N:1",
      "description": "Each notification has a status (e.g., active, archived)",
      "probability": 0.998046
    },
    {
      "entity_1": "USER",
      "entity_2": "NOTIFICATION",
      "cardinality": "1:N",
      "description": "A user can publish many notifications",
      "probability": 0.99856
    },
    {
      "entity_1": "CONFIGURATION",
      "entity_2": "CONFIG_TYPE",
      "cardinality": "N:1",
      "description": "Configuration entries are typed",
      "probability": 0.43707
    },
    {
      "entity_1": "ADMIN_OPERATION_LOG",
      "entity_2": "USER",
      "cardinality": "N:1",
      "description": "Log records reference the admin user who performed the operation",
      "probability": 0.993159
    }
  ],
  "processing_time": 17.94,
  "metadata": {
    "best_candidate": "candidate_2",
    "improvements_made": "None"
  }
}