{
  "filename": "495.txt",
  "entity": {
    "DOCTOR": 0.817574,
    "DEPARTMENT": 0.817574,
    "PERSONNEL": 0.743931,
    "WARD": 0.817574,
    "PATIENT": 0.817574,
    "MEDICINE": 0.817574,
    "DIAGNOSIS": 0.817574,
    "CONSULTATION": 0.71441,
    "PRESCRIPTION": 0.743206,
    "MEDICATION_RETRIEVAL": 0.734602
  },
  "attribute": {
    "DOCTOR": {
      "doctor_id": 0.764405,
      "name": 0.762174,
      "gender": 0.757212,
      "title": 0.758662,
      "years_of_service": 0.76376,
      "phone": 0.759873,
      "department_id": 0.768412
    },
    "DEPARTMENT": {
      "department_id": 0.758383,
      "name": 0.756489,
      "person_in_charge_id": 0.755848,
      "total_staff": 0.764203,
      "location": 0.753447,
      "phone": 0.757354
    },
    "PERSONNEL": {
      "personnel_id": 0.759172,
      "name": 0.758351,
      "role": 0.751506,
      "department_id": 0.762381,
      "hire_date": 0.747104,
      "phone": 0.754174
    },
    "WARD": {
      "ward_id": 0.761184,
      "bed_count": 0.765017,
      "level": 0.757471,
      "location": 0.754761,
      "status": 0.758966
    },
    "PATIENT": {
      "patient_id": 0.771882,
      "name": 0.765331,
      "gender": 0.760599,
      "age": 0.755848,
      "contact": 0.75934,
      "admission_date": 0.757015,
      "discharge_date": 0.756213,
      "ward_id": 0.776778
    },
    "MEDICINE": {
      "medicine_id": 0.767384,
      "name": 0.762359,
      "quantity_on_hand": 0.76276,
      "unit_price": 0.760803,
      "sale_price": 0.753047,
      "remark": 0.757025
    },
    "DIAGNOSIS": {
      "diagnosis_id": 0.753706,
      "description": 0.742443,
      "diagnosis_date": 0.743193
    },
    "CONSULTATION": {
      "consultation_id": 0.756384,
      "patient_id": 0.769427,
      "doctor_id": 0.766111,
      "consultation_time": 0.747372,
      "diagnosis_id": 0.762677,
      "treatment": 0.750642,
      "remarks": 0.748416
    },
    "PRESCRIPTION": {
      "prescription_id": 0.758786,
      "consultation_id": 0.764391,
      "medicine_id": 0.764432,
      "dosage": 0.751667,
      "frequency": 0.755904,
      "duration": 0.74639,
      "quantity_prescribed": 0.761517
    },
    "MEDICATION_RETRIEVAL": {
      "retrieval_id": 0.767929,
      "patient_id": 0.771642,
      "medicine_id": 0.766534,
      "retrieval_time": 0.760175,
      "quantity_dispensed": 0.767011
    }
  },
  "relationship": [
    {
      "entity_1": "DOCTOR",
      "entity_2": "DEPARTMENT",
      "cardinality": "N:1",
      "description": "Each doctor belongs to one department; a department has many doctors.",
      "probability": 0.005519
    },
    {
      "entity_1": "PERSONNEL",
      "entity_2": "DEPARTMENT",
      "cardinality": "N:1",
      "description": "Each personnel member belongs to one department.",
      "probability": 0.962361
    },
    {
      "entity_1": "DEPARTMENT",
      "entity_2": "PERSONNEL",
      "cardinality": "1:1",
      "description": "person_in_charge_id references a single personnel member who heads the department.",
      "probability": 0.962361
    },
    {
      "entity_1": "PATIENT",
      "entity_2": "WARD",
      "cardinality": "N:1",
      "description": "A patient is assigned to one ward at a time.",
      "probability": 4e-05
    },
    {
      "entity_1": "CONSULTATION",
      "entity_2": "PATIENT",
      "cardinality": "N:1",
      "description": "Each consultation involves one patient.",
      "probability": 0.993992
    },
    {
      "entity_1": "CONSULTATION",
      "entity_2": "DOCTOR",
      "cardinality": "N:1",
      "description": "Each consultation is performed by one doctor.",
      "probability": 0.264112
    },
    {
      "entity_1": "CONSULTATION",
      "entity_2": "DIAGNOSIS",
      "cardinality": "1:1",
      "description": "Each consultation has exactly one diagnosis record.",
      "probability": 0.016443
    },
    {
      "entity_1": "PRESCRIPTION",
      "entity_2": "CONSULTATION",
      "cardinality": "N:1",
      "description": "A prescription is issued during a specific consultation.",
      "probability": 0.053332
    },
    {
      "entity_1": "PRESCRIPTION",
      "entity_2": "MEDICINE",
      "cardinality": "N:1",
      "description": "Each prescription references one medicine.",
      "probability": 0.001489
    },
    {
      "entity_1": "MEDICATION_RETRIEVAL",
      "entity_2": "PATIENT",
      "cardinality": "N:1",
      "description": "Retrieval records link to the patient receiving the medicine.",
      "probability": 0.963145
    },
    {
      "entity_1": "MEDICATION_RETRIEVAL",
      "entity_2": "MEDICINE",
      "cardinality": "N:1",
      "description": "Retrieval records specify which medicine was dispensed.",
      "probability": 0.941304
    }
  ],
  "processing_time": 16.33,
  "metadata": {
    "best_candidate": "candidate_2",
    "improvements_made": "Added department_id to DOCTOR and person_in_charge_id to DEPARTMENT to enforce foreign‑key integrity. Introduced a weak DIAGNOSIS entity and linked it 1:1 with CONSULTATION, removing the redundant diagnosis attribute from CONSULTATION. Added a status attribute to WARD for occupancy tracking. Renamed medicine inventory attribute to quantity_on_hand and kept both unit_price and sale_price. Included ward_id in PATIENT and clarified foreign‑key relationships. Added a 1:1 relationship between DEPARTMENT and its head (PERSONNEL). All suggested cardinalities now match the domain description and redundancy is minimized."
  }
}