{
  "filename": "430.txt",
  "entity": {
    "USER": 0.622459,
    "ATTRACTION": 0.622459,
    "ORDER": 0.983008,
    "COMMENT": 0.983008,
    "MESSAGE": 0.500575,
    "FAVORITE": 0.983008
  },
  "attribute": {
    "USER": {
      "username": 0.522733,
      "password": 0.54234,
      "wechat open id": 0.542149,
      "qq number": 0.544702,
      "email": 0.546145,
      "remark": 0.545438,
      "creation time": 0.541121,
      "update time": 0.539252
    },
    "ATTRACTION": {
      "attraction detail": 0.527987,
      "reference price": 0.516973,
      "image": 0.517902,
      "era": 0.522203,
      "type": 0.52526,
      "region": 0.521196,
      "creation time": 0.524515,
      "update time": 0.528351
    },
    "ORDER": {
      "user id": 0.534136,
      "attraction id": 0.531311,
      "book date": 0.515036,
      "ticket quantity": 0.523202,
      "remark": 0.983008,
      "order status": 0.524004,
      "creation time": 0.521247,
      "update time": 0.525252,
      "order_id": 0.983008,
      "user_id": 0.983008,
      "attraction_id": 0.983008,
      "book_date": 0.983008,
      "ticket_quantity": 0.983008,
      "order_status": 0.983008,
      "creation_time": 0.983008,
      "update_time": 0.983008
    },
    "COMMENT": {
      "user id": 0.541202,
      "attraction id": 0.539078,
      "comment content": 0.533758,
      "review status": 0.532493,
      "creation time": 0.540621,
      "update time": 0.536629,
      "comment_id": 0.983008,
      "user_id": 0.983008,
      "attraction_id": 0.983008,
      "comment_content": 0.983008,
      "review_status": 0.983008,
      "creation_time": 0.983008,
      "update_time": 0.983008
    },
    "MESSAGE": {
      "user id": 0.541884,
      "message content": 0.55082,
      "creation time": 0.543601,
      "update time": 0.540578
    },
    "FAVORITE": {
      "user id": 0.540259,
      "attraction id": 0.524616,
      "creation time": 0.518078,
      "update time": 0.530019,
      "favorite_id": 0.983008,
      "user_id": 0.983008,
      "attraction_id": 0.983008,
      "creation_time": 0.983008,
      "update_time": 0.983008
    }
  },
  "relationship": [
    {
      "entity_1": "USER",
      "entity_2": "ORDER",
      "description": "A user can have multiple orders",
      "cardinality": "1:N",
      "associative_entity": null,
      "probability": 0.998747
    },
    {
      "entity_1": "ATTRACTION",
      "entity_2": "ORDER",
      "description": "An attraction can have multiple orders",
      "cardinality": "1:N",
      "associative_entity": null,
      "probability": 0.983008
    },
    {
      "entity_1": "USER",
      "entity_2": "COMMENT",
      "description": "A user can have multiple comments",
      "cardinality": "1:N",
      "associative_entity": null,
      "probability": 0.983008
    },
    {
      "entity_1": "ATTRACTION",
      "entity_2": "COMMENT",
      "description": "An attraction can have multiple comments",
      "cardinality": "1:N",
      "associative_entity": null,
      "probability": 0.983008
    },
    {
      "entity_1": "USER",
      "entity_2": "MESSAGE",
      "description": "A user can have multiple messages",
      "cardinality": "1:N",
      "associative_entity": null,
      "probability": 0.999393
    },
    {
      "entity_1": "USER",
      "entity_2": "FAVORITE",
      "description": "A user can have multiple favorites",
      "cardinality": "1:N",
      "associative_entity": null,
      "probability": 0.983008
    },
    {
      "entity_1": "ATTRACTION",
      "entity_2": "FAVORITE",
      "description": "An attraction can have multiple favorites",
      "cardinality": "1:N",
      "associative_entity": null,
      "probability": 0.983008
    }
  ],
  "processing_time": 29.88
}