{
    "w_text": 0.03730073454706387,
    "w_dep": 1.9499502271690459,
    "w_type": 0.7028188543214132,
    "w_cooccur": 1.1879313526474586,
    "bias": -1.388559790437181
}