{
    "w_text": 0.03250489388436669,
    "w_dep": 2.0261309072732194,
    "w_cooccur": 1.161320461757012,
    "bias": -0.9458565679443306
}