{
  "filename": "315.txt",
  "entity": {
    "PERSON": 0.490576,
    "BOOK": 0.622459,
    "COPY": 0.478563,
    "BORROW": 0.589549
  },
  "attribute": {
    "PERSON": {
      "person_id": 0.501962,
      "name": 0.501769,
      "role": 0.511538,
      "email": 0.503161,
      "phone": 0.493798,
      "address": 0.501429
    },
    "BOOK": {
      "isbn": 0.535069,
      "title": 0.521511,
      "author": 0.51632,
      "publisher": 0.531304,
      "publication_year": 0.52883,
      "category": 0.536222,
      "language": 0.529314
    },
    "COPY": {
      "copy_id": 0.50785,
      "isbn": 0.529954,
      "barcode": 0.512916,
      "acquisition_date": 0.518476,
      "condition": 0.515162,
      "status": 0.52293
    },
    "BORROW": {
      "loan_id": 0.51737,
      "person_id": 0.517565,
      "copy_id": 0.51521,
      "borrow_date": 0.517161,
      "due_date": 0.51357,
      "return_date": 0.515078,
      "status": 0.529734
    }
  },
  "relationship": [
    {
      "entity_1": "PERSON",
      "entity_2": "BORROW",
      "cardinality": "1:N",
      "probability": 0.958665
    },
    {
      "entity_1": "COPY",
      "entity_2": "BORROW",
      "cardinality": "1:N",
      "probability": 0.755647
    },
    {
      "entity_1": "BOOK",
      "entity_2": "COPY",
      "cardinality": "1:N",
      "probability": 0.8551
    }
  ],
  "processing_time": 24.02
}