{
  "filename": "321.txt",
  "entity": {
    "USER": 0.622459,
    "INTEREST": 0.487353,
    "TEAM": 0.622459,
    "CLUB": 0.515345,
    "ORGANIZER": 0.499875,
    "SPONSOR": 0.483631,
    "EVENT": 0.622459,
    "MATCH": 0.622459,
    "ASSOC_USER_USER": 1.0,
    "ASSOC_USER_INTEREST": 0.749916,
    "ASSOC_USER_TEAM": 0.353132,
    "ASSOC_USER_CLUB": 0.675664,
    "ASSOC_USER_EVENT": 0.875564,
    "ASSOC_USER_MATCH": 0.014532,
    "ASSOC_MATCH_TEAM": 0.242291,
    "ASSOC_EVENT_SPONSOR": 0.353568
  },
  "attribute": {
    "USER": {
      "user_id": 0.512973,
      "username": 0.511807,
      "password": 0.515278,
      "email": 0.522029,
      "first_name": 0.516502,
      "last_name": 0.5093,
      "date_of_birth": 0.507942,
      "gender": 0.5276,
      "registration_date": 0.508222,
      "social_info": 0.536381,
      "profile_picture": 0.514665
    },
    "INTEREST": {
      "interest_id": 0.513359,
      "name": 0.520811,
      "description": 0.530862
    },
    "TEAM": {
      "team_id": 0.53656,
      "name": 0.532398,
      "creation_date": 0.534051,
      "description": 0.545697,
      "club_id": 0.544159
    },
    "CLUB": {
      "club_id": 0.535183,
      "name": 0.539536,
      "location": 0.529532,
      "founded_date": 0.531437,
      "stadium_name": 0.543535
    },
    "ORGANIZER": {
      "organizer_id": 0.516942,
      "name": 0.528151,
      "contact_email": 0.521338,
      "contact_phone": 0.518549
    },
    "SPONSOR": {
      "sponsor_id": 0.521445,
      "name": 0.525154,
      "contact_email": 0.523147,
      "contact_phone": 0.521961
    },
    "EVENT": {
      "event_id": 0.518712,
      "name": 0.52692,
      "description": 0.532382,
      "start_date": 0.51454,
      "end_date": 0.509461,
      "location": 0.522249,
      "organizer_id": 0.527779,
      "sponsor_id": 0.529594,
      "club_id": 0.544218
    },
    "MATCH": {
      "match_id": 0.520743,
      "schedule_datetime": 0.507515,
      "location": 0.518049,
      "home_team_id": 0.537655,
      "away_team_id": 0.533942,
      "result": 0.520568,
      "match_status": 0.528927
    },
    "ASSOC_USER_USER": {
      "assoc_user_user_id": 1.0,
      "user_id": 1.0
    },
    "ASSOC_USER_INTEREST": {
      "assoc_user_interest_id": 0.749916,
      "user_id": 0.749916,
      "interest_id": 0.749916
    },
    "ASSOC_USER_TEAM": {
      "assoc_user_team_id": 0.353132,
      "user_id": 0.353132,
      "team_id": 0.353132
    },
    "ASSOC_USER_CLUB": {
      "assoc_user_club_id": 0.675664,
      "user_id": 0.675664,
      "club_id": 0.675664
    },
    "ASSOC_USER_EVENT": {
      "assoc_user_event_id": 0.875564,
      "user_id": 0.875564,
      "event_id": 0.875564
    },
    "ASSOC_USER_MATCH": {
      "assoc_user_match_id": 0.014532,
      "user_id": 0.014532,
      "match_id": 0.014532
    },
    "ASSOC_MATCH_TEAM": {
      "assoc_match_team_id": 0.242291,
      "match_id": 0.242291,
      "team_id": 0.242291
    },
    "ASSOC_EVENT_SPONSOR": {
      "assoc_event_sponsor_id": 0.353568,
      "event_id": 0.353568,
      "sponsor_id": 0.353568
    }
  },
  "relationship": [
    {
      "entity_1": "USER",
      "entity_2": "ASSOC_USER_USER",
      "description": "One USER can be associated with many ASSOC_USER_USER.",
      "cardinality": "1:N",
      "associative_entity": null,
      "probability": 1.0
    },
    {
      "entity_1": "USER",
      "entity_2": "ASSOC_USER_INTEREST",
      "description": "One USER can be associated with many ASSOC_USER_INTEREST.",
      "cardinality": "1:N",
      "associative_entity": null,
      "probability": 0.749916
    },
    {
      "entity_1": "INTEREST",
      "entity_2": "ASSOC_USER_INTEREST",
      "description": "One INTEREST can be associated with many ASSOC_USER_INTEREST.",
      "cardinality": "1:N",
      "associative_entity": null,
      "probability": 0.749916
    },
    {
      "entity_1": "USER",
      "entity_2": "ASSOC_USER_TEAM",
      "description": "One USER can be associated with many ASSOC_USER_TEAM.",
      "cardinality": "1:N",
      "associative_entity": null,
      "probability": 0.353132
    },
    {
      "entity_1": "TEAM",
      "entity_2": "ASSOC_USER_TEAM",
      "description": "One TEAM can be associated with many ASSOC_USER_TEAM.",
      "cardinality": "1:N",
      "associative_entity": null,
      "probability": 0.353132
    },
    {
      "entity_1": "USER",
      "entity_2": "ASSOC_USER_CLUB",
      "description": "One USER can be associated with many ASSOC_USER_CLUB.",
      "cardinality": "1:N",
      "associative_entity": null,
      "probability": 0.675664
    },
    {
      "entity_1": "CLUB",
      "entity_2": "ASSOC_USER_CLUB",
      "description": "One CLUB can be associated with many ASSOC_USER_CLUB.",
      "cardinality": "1:N",
      "associative_entity": null,
      "probability": 0.675664
    },
    {
      "entity_1": "USER",
      "entity_2": "ASSOC_USER_EVENT",
      "description": "One USER can be associated with many ASSOC_USER_EVENT.",
      "cardinality": "1:N",
      "associative_entity": null,
      "probability": 0.875564
    },
    {
      "entity_1": "EVENT",
      "entity_2": "ASSOC_USER_EVENT",
      "description": "One EVENT can be associated with many ASSOC_USER_EVENT.",
      "cardinality": "1:N",
      "associative_entity": null,
      "probability": 0.875564
    },
    {
      "entity_1": "USER",
      "entity_2": "ASSOC_USER_MATCH",
      "description": "One USER can be associated with many ASSOC_USER_MATCH.",
      "cardinality": "1:N",
      "associative_entity": null,
      "probability": 0.014532
    },
    {
      "entity_1": "MATCH",
      "entity_2": "ASSOC_USER_MATCH",
      "description": "One MATCH can be associated with many ASSOC_USER_MATCH.",
      "cardinality": "1:N",
      "associative_entity": null,
      "probability": 0.014532
    },
    {
      "entity_1": "TEAM",
      "entity_2": "CLUB",
      "cardinality": "N:1",
      "probability": 0.332438
    },
    {
      "entity_1": "MATCH",
      "entity_2": "ASSOC_MATCH_TEAM",
      "description": "One MATCH can be associated with many ASSOC_MATCH_TEAM.",
      "cardinality": "1:N",
      "associative_entity": null,
      "probability": 0.242291
    },
    {
      "entity_1": "TEAM",
      "entity_2": "ASSOC_MATCH_TEAM",
      "description": "One TEAM can be associated with many ASSOC_MATCH_TEAM.",
      "cardinality": "1:N",
      "associative_entity": null,
      "probability": 0.242291
    },
    {
      "entity_1": "EVENT",
      "entity_2": "ORGANIZER",
      "cardinality": "N:1",
      "probability": 0.162979
    },
    {
      "entity_1": "EVENT",
      "entity_2": "ASSOC_EVENT_SPONSOR",
      "description": "One EVENT can be associated with many ASSOC_EVENT_SPONSOR.",
      "cardinality": "1:N",
      "associative_entity": null,
      "probability": 0.353568
    },
    {
      "entity_1": "SPONSOR",
      "entity_2": "ASSOC_EVENT_SPONSOR",
      "description": "One SPONSOR can be associated with many ASSOC_EVENT_SPONSOR.",
      "cardinality": "1:N",
      "associative_entity": null,
      "probability": 0.353568
    },
    {
      "entity_1": "EVENT",
      "entity_2": "CLUB",
      "cardinality": "N:1",
      "probability": 0.011314
    }
  ],
  "processing_time": 39.9
}