{
  "filename": "358.txt",
  "entity": {
    "TENANT": 0.622459,
    "PROCESS_DEFINITION": 0.550552,
    "PROCESS_INSTANCE": 0.578544,
    "EXECUTION_INSTANCE": 0.584725,
    "TASK": 0.622459,
    "TASK_TYPE": 0.522061,
    "LOCK_INFO": 0.449498,
    "PROCESSOR_CONFIGURATION": 0.44695,
    "SCHEDULE": 0.470758,
    "REPEAT_CONFIGURATION": 0.407551,
    "TASK_EXECUTION": 0.580006
  },
  "attribute": {
    "TENANT": {
      "tenant_id": 0.521704,
      "name": 0.524054,
      "description": 0.537591
    },
    "PROCESS_DEFINITION": {
      "process_def_id": 0.535833,
      "name": 0.543229,
      "version": 0.547144,
      "description": 0.551602,
      "tenant_id": 0.549284
    },
    "PROCESS_INSTANCE": {
      "process_inst_id": 0.537132,
      "start_time": 0.535784,
      "end_time": 0.537947,
      "status": 0.54726,
      "process_def_id": 0.534077,
      "tenant_id": 0.545208
    },
    "EXECUTION_INSTANCE": {
      "exec_inst_id": 0.522571,
      "start_time": 0.530535,
      "end_time": 0.532164,
      "status": 0.543603,
      "process_inst_id": 0.536566,
      "tenant_id": 0.533188
    },
    "TASK": {
      "task_id": 0.54121,
      "name": 0.552479,
      "description": 0.558989,
      "task_type_id": 0.540697,
      "lock_info_id": 0.551186,
      "processor_config_id": 0.545876,
      "process_def_id": 0.545479,
      "tenant_id": 0.5517
    },
    "TASK_TYPE": {
      "task_type_id": 0.540289,
      "name": 0.551455,
      "description": 0.560085
    },
    "LOCK_INFO": {
      "lock_info_id": 0.524204,
      "lock_key": 0.520282,
      "lock_type": 0.527569,
      "timeout": 0.528024
    },
    "PROCESSOR_CONFIGURATION": {
      "processor_config_id": 0.531099,
      "processor_name": 0.533006,
      "config_json": 0.52392
    },
    "SCHEDULE": {
      "schedule_id": 0.52944,
      "task_id": 0.543586,
      "scheduled_time": 0.529397,
      "expiration_time": 0.529708,
      "repeat_config_id": 0.529715,
      "tenant_id": 0.535882
    },
    "REPEAT_CONFIGURATION": {
      "repeat_config_id": 0.517292,
      "interval": 0.526063,
      "unit": 0.53116,
      "repeat_count": 0.517548
    },
    "TASK_EXECUTION": {
      "task_exec_id": 0.547737,
      "exec_inst_id": 0.540362,
      "task_id": 0.54836,
      "start_time": 0.544279,
      "end_time": 0.545587,
      "execution_result": 0.546063,
      "exception_info": 0.557674
    }
  },
  "relationship": [
    {
      "entity_1": "TENANT",
      "entity_2": "PROCESS_DEFINITION",
      "cardinality": "1:N",
      "probability": 5e-05
    },
    {
      "entity_1": "TENANT",
      "entity_2": "PROCESS_INSTANCE",
      "cardinality": "1:N",
      "probability": 0.001607
    },
    {
      "entity_1": "TENANT",
      "entity_2": "EXECUTION_INSTANCE",
      "cardinality": "1:N",
      "probability": 0.197394
    },
    {
      "entity_1": "TENANT",
      "entity_2": "TASK",
      "cardinality": "1:N",
      "probability": 0.000784
    },
    {
      "entity_1": "TENANT",
      "entity_2": "SCHEDULE",
      "cardinality": "1:N",
      "probability": 0.000257
    },
    {
      "entity_1": "PROCESS_DEFINITION",
      "entity_2": "PROCESS_INSTANCE",
      "cardinality": "1:N",
      "probability": 0.800395
    },
    {
      "entity_1": "PROCESS_DEFINITION",
      "entity_2": "TASK",
      "cardinality": "1:N",
      "probability": 0.058059
    },
    {
      "entity_1": "PROCESS_INSTANCE",
      "entity_2": "EXECUTION_INSTANCE",
      "cardinality": "1:N",
      "probability": 0.985756
    },
    {
      "entity_1": "EXECUTION_INSTANCE",
      "entity_2": "TASK_EXECUTION",
      "cardinality": "1:N",
      "probability": 0.991081
    },
    {
      "entity_1": "TASK",
      "entity_2": "TASK_EXECUTION",
      "cardinality": "1:N",
      "probability": 0.999313
    },
    {
      "entity_1": "TASK_TYPE",
      "entity_2": "TASK",
      "cardinality": "1:N",
      "probability": 0.999929
    },
    {
      "entity_1": "LOCK_INFO",
      "entity_2": "TASK",
      "cardinality": "1:N",
      "probability": 0.863631
    },
    {
      "entity_1": "PROCESSOR_CONFIGURATION",
      "entity_2": "TASK",
      "cardinality": "1:N",
      "probability": 0.019238
    },
    {
      "entity_1": "TASK",
      "entity_2": "SCHEDULE",
      "cardinality": "1:N",
      "probability": 0.859813
    },
    {
      "entity_1": "REPEAT_CONFIGURATION",
      "entity_2": "SCHEDULE",
      "cardinality": "1:N",
      "probability": 0.000483
    }
  ],
  "processing_time": 49.64
}