{
  "filename": "396.txt",
  "entity": {
    "USER": 0.622459,
    "GUIDE": 0.622459,
    "HOTEL": 0.622459,
    "ATTRACTION": 0.459092,
    "ROUTE": 0.491576
  },
  "attribute": {
    "USER": {
      "username": 0.497858,
      "password": 0.5138,
      "avatar": 0.505799,
      "nickname": 0.508242,
      "information": 0.539057
    },
    "GUIDE": {
      "title": 0.532633,
      "category": 0.542685,
      "tag": 0.528494,
      "content": 0.535597,
      "information": 0.532118
    },
    "HOTEL": {
      "name": 0.55554,
      "introduction": 0.559045,
      "picture": 0.551202,
      "location": 0.553612,
      "information": 0.574428
    },
    "ATTRACTION": {
      "name": 0.521423,
      "introduction": 0.51707,
      "picture": 0.517682,
      "address": 0.528507,
      "open_hour": 0.526928,
      "tip": 0.513828,
      "day": 0.514465,
      "information": 0.528123
    },
    "ROUTE": {
      "name": 0.520031,
      "content": 0.525208,
      "tag": 0.519412,
      "introduction": 0.525371,
      "information": 0.535417
    }
  },
  "relationship": [
    {
      "entity_1": "USER",
      "entity_2": "GUIDE",
      "cardinality": "1:N",
      "probability": 0.096505
    }
  ],
  "processing_time": 17.06
}