{
  "filename": "397.txt",
  "entity": {
    "DEPARTMENT": 0.622459,
    "EMPLOYEE": 0.622459,
    "ATTENDANCE": 0.622459,
    "SALARY": 0.622459,
    "POSITION": 0.472004,
    "APPLICANT": 0.507724,
    "WORK_EXPERIENCE": 0.485829,
    "DOCUMENT": 0.473101,
    "INTERVIEW": 0.483131
  },
  "attribute": {
    "DEPARTMENT": {
      "department_id": 0.531879,
      "name": 0.533025,
      "location": 0.527022,
      "manager_id": 0.543712
    },
    "EMPLOYEE": {
      "employee_id": 0.556417,
      "first_name": 0.548521,
      "last_name": 0.551768,
      "hire_date": 0.552675,
      "job_title": 0.555978,
      "email": 0.53952,
      "phone": 0.533455,
      "department_id": 0.555054
    },
    "ATTENDANCE": {
      "attendance_id": 0.539972,
      "employee_id": 0.557507,
      "check_time": 0.537544,
      "attendance_date": 0.542816,
      "status": 0.536188
    },
    "SALARY": {
      "salary_id": 0.538466,
      "employee_id": 0.552645,
      "amount": 0.528707,
      "effective_date": 0.531976,
      "grade": 0.522569,
      "bonus": 0.512177
    },
    "POSITION": {
      "position_id": 0.513656,
      "title": 0.524824,
      "description": 0.519759,
      "department_id": 0.549705
    },
    "APPLICANT": {
      "applicant_id": 0.538441,
      "first_name": 0.533036,
      "last_name": 0.536067,
      "email": 0.528495,
      "phone": 0.524341,
      "applied_position_id": 0.538259,
      "application_date": 0.535,
      "status": 0.542735
    },
    "WORK_EXPERIENCE": {
      "experience_id": 0.53884,
      "applicant_id": 0.550098,
      "company_name": 0.550523,
      "role": 0.540856,
      "start_date": 0.534638,
      "end_date": 0.535838,
      "description": 0.547815
    },
    "DOCUMENT": {
      "document_id": 0.502542,
      "applicant_id": 0.531177,
      "doc_type": 0.50822,
      "file_path": 0.492604,
      "upload_date": 0.506889
    },
    "INTERVIEW": {
      "interview_id": 0.534253,
      "applicant_id": 0.541771,
      "interviewer_employee_id": 0.547899,
      "interview_date": 0.532977,
      "result": 0.528199,
      "notes": 0.53487
    }
  },
  "relationship": [
    {
      "entity_1": "DEPARTMENT",
      "entity_2": "EMPLOYEE",
      "cardinality": "1:N",
      "probability": 0.999722
    },
    {
      "entity_1": "EMPLOYEE",
      "entity_2": "ATTENDANCE",
      "cardinality": "1:N",
      "probability": 0.969185
    },
    {
      "entity_1": "EMPLOYEE",
      "entity_2": "SALARY",
      "cardinality": "1:N",
      "probability": 0.631638
    },
    {
      "entity_1": "DEPARTMENT",
      "entity_2": "POSITION",
      "cardinality": "1:N",
      "probability": 0.937393
    },
    {
      "entity_1": "POSITION",
      "entity_2": "APPLICANT",
      "cardinality": "1:N",
      "probability": 0.097784
    },
    {
      "entity_1": "APPLICANT",
      "entity_2": "WORK_EXPERIENCE",
      "cardinality": "1:N",
      "probability": 0.015213
    },
    {
      "entity_1": "APPLICANT",
      "entity_2": "DOCUMENT",
      "cardinality": "1:N",
      "probability": 0.879419
    },
    {
      "entity_1": "APPLICANT",
      "entity_2": "INTERVIEW",
      "cardinality": "1:N",
      "probability": 0.779256
    },
    {
      "entity_1": "EMPLOYEE",
      "entity_2": "INTERVIEW",
      "cardinality": "1:N",
      "probability": 0.003464
    }
  ],
  "processing_time": 35.65
}