{
  "filename": "440.txt",
  "entity": {
    "DEVICE": 0.622459,
    "PRODUCT_MODEL": 0.457528,
    "PERSON": 0.511023,
    "ROLE": 0.49525,
    "GROUP": 0.488227,
    "DEPARTMENT": 0.498625,
    "LOCATION": 0.486328,
    "INVENTORY_RECORD": 0.489027,
    "MAINTENANCE_REQUEST": 0.544928,
    "MAINTENANCE_RECORD": 0.530537
  },
  "attribute": {
    "DEVICE": {
      "device_id": 0.528507,
      "device_code": 0.538287,
      "qr_code": 0.543484,
      "device_image": 0.52656,
      "ip_address": 0.518093,
      "status": 0.547121,
      "status_update_time": 0.525635,
      "remark": 0.541971,
      "product_model_id": 0.528427,
      "group_id": 0.532343,
      "department_id": 0.54487,
      "location_id": 0.525799,
      "current_user_id": 0.530704
    },
    "PRODUCT_MODEL": {
      "model_id": 0.509687,
      "model_name": 0.514356,
      "product_name": 0.517663
    },
    "PERSON": {
      "person_id": 0.516059,
      "name": 0.510565,
      "contact_info": 0.523959,
      "account_status": 0.527292,
      "department_id": 0.533239,
      "role_id": 0.521274
    },
    "ROLE": {
      "role_id": 0.520181,
      "role_name": 0.522432
    },
    "GROUP": {
      "group_id": 0.508563,
      "group_name": 0.508764,
      "usage_type": 0.526453
    },
    "DEPARTMENT": {
      "department_id": 0.529842,
      "department_name": 0.532828
    },
    "LOCATION": {
      "location_id": 0.506772,
      "location_name": 0.509042
    },
    "INVENTORY_RECORD": {
      "inventory_id": 0.533045,
      "device_id": 0.547547,
      "inventory_person_id": 0.537869,
      "inventory_time": 0.533236,
      "location_id": 0.52824
    },
    "MAINTENANCE_REQUEST": {
      "request_id": 0.527595,
      "device_id": 0.546426,
      "requester_id": 0.531547,
      "request_time": 0.525964,
      "content": 0.545311,
      "status": 0.541043,
      "assigned_personnel_id": 0.546681,
      "handle_time": 0.528747,
      "remark": 0.543705
    },
    "MAINTENANCE_RECORD": {
      "record_id": 0.534738,
      "request_id": 0.534818,
      "device_id": 0.551948,
      "personnel_id": 0.556899,
      "maintenance_time": 0.542287,
      "content": 0.553846,
      "result": 0.546887,
      "satisfaction": 0.555724,
      "remark": 0.550852
    }
  },
  "relationship": [
    {
      "entity_1": "PRODUCT_MODEL",
      "entity_2": "DEVICE",
      "cardinality": "1:N",
      "probability": 0.981898
    },
    {
      "entity_1": "GROUP",
      "entity_2": "DEVICE",
      "cardinality": "1:N",
      "probability": 0.074123
    },
    {
      "entity_1": "DEPARTMENT",
      "entity_2": "DEVICE",
      "cardinality": "1:N",
      "probability": 0.159365
    },
    {
      "entity_1": "LOCATION",
      "entity_2": "DEVICE",
      "cardinality": "1:N",
      "probability": 0.961782
    },
    {
      "entity_1": "PERSON",
      "entity_2": "DEVICE",
      "cardinality": "1:N",
      "probability": 0.058565
    },
    {
      "entity_1": "ROLE",
      "entity_2": "PERSON",
      "cardinality": "1:N",
      "probability": 0.002134
    },
    {
      "entity_1": "DEPARTMENT",
      "entity_2": "PERSON",
      "cardinality": "1:N",
      "probability": 0.651976
    },
    {
      "entity_1": "DEVICE",
      "entity_2": "INVENTORY_RECORD",
      "cardinality": "1:N",
      "probability": 0.883294
    },
    {
      "entity_1": "PERSON",
      "entity_2": "INVENTORY_RECORD",
      "cardinality": "1:N",
      "probability": 0.992564
    },
    {
      "entity_1": "LOCATION",
      "entity_2": "INVENTORY_RECORD",
      "cardinality": "1:N",
      "probability": 0.906746
    },
    {
      "entity_1": "DEVICE",
      "entity_2": "MAINTENANCE_REQUEST",
      "cardinality": "1:N",
      "probability": 0.751283
    },
    {
      "entity_1": "PERSON",
      "entity_2": "MAINTENANCE_REQUEST",
      "cardinality": "1:N",
      "probability": 0.68894
    },
    {
      "entity_1": "PERSON",
      "entity_2": "MAINTENANCE_REQUEST",
      "cardinality": "1:N",
      "probability": 0.68894
    },
    {
      "entity_1": "MAINTENANCE_REQUEST",
      "entity_2": "MAINTENANCE_RECORD",
      "cardinality": "1:N",
      "probability": 0.655252
    },
    {
      "entity_1": "PERSON",
      "entity_2": "MAINTENANCE_RECORD",
      "cardinality": "1:N",
      "probability": 0.999783
    },
    {
      "entity_1": "DEVICE",
      "entity_2": "MAINTENANCE_RECORD",
      "cardinality": "1:N",
      "probability": 0.948222
    }
  ],
  "processing_time": 42.85
}