{
  "filename": "252.txt",
  "entity": {
    "PLAYER": 0.622459,
    "GAME": 0.622459,
    "RULE": 0.474722,
    "SINGLE_PLAYER_GAME": 0.552926,
    "PLAYER_COMMUNICATION": 0.530263,
    "PLAYER_BATTLE_GAME": 0.546416,
    "GAME_STATUS": 0.50565
  },
  "attribute": {
    "PLAYER": {
      "player id": 0.539067,
      "username": 0.531427,
      "password": 0.538537,
      "phone number": 0.522903,
      "registration time": 0.534589
    },
    "GAME": {
      "game id": 0.538219,
      "rule id": 0.542591,
      "content": 0.54119,
      "max players": 0.555937
    },
    "RULE": {
      "rule id": 0.526285,
      "description": 0.537748
    },
    "SINGLE_PLAYER_GAME": {
      "single player game id": 0.554157,
      "player id": 0.550231,
      "game id": 0.552891,
      "start time": 0.543989,
      "end time": 0.546896,
      "status id": 0.55322
    },
    "PLAYER_COMMUNICATION": {
      "communication id": 0.547505,
      "player id": 0.545481,
      "second player id": 0.551649,
      "start time": 0.543826,
      "end time": 0.547279,
      "content": 0.54991
    },
    "PLAYER_BATTLE_GAME": {
      "battle id": 0.550254,
      "player id": 0.549281,
      "second player id": 0.553809,
      "game id": 0.552497,
      "start time": 0.545414,
      "end time": 0.545071,
      "result": 0.550966
    },
    "GAME_STATUS": {
      "status id": 0.538202,
      "status name": 0.536727
    }
  },
  "relationship": [],
  "processing_time": 12.86
}