{
  "filename": "253.txt",
  "entity": {
    "USER": 0.622459,
    "GROUP_CHAT": 0.599744,
    "MESSAGE": 0.622459,
    "USER_GROUP_CHAT": 0.578349
  },
  "attribute": {
    "USER": {
      "user id": 0.524282,
      "username": 0.516161,
      "password": 0.52525,
      "contact information": 0.549802,
      "registration time": 0.527131
    },
    "GROUP_CHAT": {
      "group chat id": 0.557106,
      "creator user id": 0.559002,
      "creation time": 0.561547,
      "member count": 0.566816
    },
    "MESSAGE": {
      "message id": 0.556524,
      "sender user id": 0.552482,
      "receiver user id": 0.55649,
      "sent time": 0.546284,
      "message type": 0.56415,
      "content": 0.563867,
      "is read": 0.546522,
      "read time": 0.555471
    },
    "USER_GROUP_CHAT": {
      "user id": 0.560644,
      "group chat id": 0.557956,
      "join time": 0.562923,
      "note": 0.571147,
      "leave time": 0.555485
    }
  },
  "relationship": [],
  "processing_time": 8.89
}