{
  "filename": "254.txt",
  "entity": {
    "SEISMOMETER": 0.622459,
    "CALIBRATION": 0.622459,
    "STATION": 0.622459,
    "USER": 0.622459,
    "ROLE": 0.49625,
    "PERSONNEL": 0.517318,
    "CALIBRATION_RESULT": 0.576251,
    "VIBRATION_TABLE_TEST": 0.446852
  },
  "attribute": {
    "SEISMOMETER": {
      "seismometer id": 0.542791,
      "mechanical period": 0.540293,
      "equivalent pendulum length": 0.537322,
      "moment of inertia": 0.534568,
      "coil sensitivity": 0.535902,
      "voltage sensitivity": 0.536235
    },
    "CALIBRATION": {
      "calibration id": 0.520074,
      "seismometer id": 0.542284,
      "station id": 0.533072,
      "calibration time": 0.516498,
      "amplitude": 0.522185,
      "width": 0.512575,
      "comparison result": 0.522301
    },
    "STATION": {
      "station id": 0.518692,
      "station name": 0.520914,
      "station type": 0.524764,
      "location": 0.518726
    },
    "USER": {
      "user id": 0.511849,
      "username": 0.501743,
      "password": 0.516288,
      "role id": 0.517077,
      "station id": 0.522974,
      "email": 0.515886
    },
    "ROLE": {
      "role id": 0.513159,
      "role name": 0.515781,
      "description": 0.526556
    },
    "PERSONNEL": {
      "personnel id": 0.530748,
      "name": 0.533611,
      "position": 0.533456,
      "contact phone": 0.531012,
      "associated station id": 0.532087
    },
    "CALIBRATION_RESULT": {
      "result id": 0.518338,
      "calibration id": 0.519278,
      "result type": 0.521798,
      "result value": 0.519455,
      "result date": 0.518679,
      "remarks": 0.523037
    },
    "VIBRATION_TABLE_TEST": {
      "test id": 0.532678,
      "calibration id": 0.536518,
      "test result": 0.535157,
      "test date": 0.531425,
      "table number": 0.526485
    }
  },
  "relationship": [],
  "processing_time": 16.34
}