{
  "filename": "255.txt",
  "entity": {
    "PRODUCTION_REPORT": 0.534097,
    "PRODUCTION_DATUM": 0.527871,
    "EQUIPMENT": 0.622459,
    "EQUIPMENT_INSPECTION": 0.526849,
    "INSPECTION_PLAN": 0.448953,
    "INSPECTOR": 0.455716,
    "EQUIPMENT_FAILURE": 0.539194,
    "FAILURE_REPORT": 0.537902,
    "REPAIR_WORK_ORDER": 0.521836,
    "REPAIR_PERSONNEL": 0.543217,
    "QUALITY_REPORT": 0.540461,
    "METAL_RECORD": 0.529565,
    "WAREHOUSE": 0.485054,
    "SAMPLE": 0.483956,
    "DAILY_REPORT": 0.528195,
    "USER": 0.471207,
    "ROLE": 0.508699,
    "PERMISSION": 0.450636,
    "OPERATION_HISTORY": 0.446283,
    "ANNOUNCEMENT": 0.517393,
    "JOB_POSITION": 0.522285,
    "APPLICATION": 0.467322,
    "ALARM_NOTIFICATION": 0.425166,
    "ANOMALY_CASE": 0.442629
  },
  "attribute": {
    "PRODUCTION_REPORT": {
      "report id": 0.554678,
      "report type": 0.55574,
      "report date": 0.543739,
      "production datum id": 0.552948,
      "production indicator": 0.558187,
      "completion status": 0.559423,
      "metal recovery rate": 0.550869,
      "grade": 0.546028
    },
    "PRODUCTION_DATUM": {
      "datum id": 0.538722,
      "datum value": 0.533135
    },
    "EQUIPMENT": {
      "equipment id": 0.544071,
      "model": 0.540818,
      "main category": 0.552755,
      "sub category": 0.551266,
      "location": 0.536361,
      "operation status": 0.561907,
      "real time monitoring": 0.539031,
      "alarm notification id": 0.526739,
      "anomaly case id": 0.533986
    },
    "EQUIPMENT_INSPECTION": {
      "inspection id": 0.541822,
      "inspection plan id": 0.545725,
      "inspector id": 0.542533,
      "inspection date": 0.536604,
      "progress": 0.552427
    },
    "INSPECTION_PLAN": {
      "plan id": 0.539448,
      "plan name": 0.538102,
      "description": 0.549132
    },
    "INSPECTOR": {
      "inspector id": 0.521162,
      "inspector name": 0.518664
    },
    "EQUIPMENT_FAILURE": {
      "failure id": 0.538935,
      "reporter id": 0.550917,
      "failure type": 0.539107,
      "failure time": 0.534648,
      "processing status": 0.55567
    },
    "FAILURE_REPORT": {
      "failure report id": 0.542587,
      "failure id": 0.536032,
      "report time": 0.540568,
      "description": 0.549066
    },
    "REPAIR_WORK_ORDER": {
      "work order id": 0.533815,
      "equipment id": 0.548186,
      "repair progress": 0.543306,
      "repair time": 0.531879,
      "assigned personnel id": 0.545288
    },
    "REPAIR_PERSONNEL": {
      "personnel id": 0.551166,
      "personnel name": 0.5475,
      "contact info": 0.551243
    },
    "QUALITY_REPORT": {
      "quality report id": 0.543528,
      "report date": 0.535013,
      "recovery rate": 0.550863,
      "grade": 0.536676,
      "metal record id": 0.545476,
      "warehouse id": 0.554639,
      "sample id": 0.545331,
      "daily report id": 0.5488
    },
    "METAL_RECORD": {
      "metal record id": 0.526948,
      "metal recovery rate": 0.537403,
      "warehouse id": 0.542476,
      "sample id": 0.53368,
      "metal grade": 0.528808
    },
    "WAREHOUSE": {
      "warehouse id": 0.540114,
      "warehouse name": 0.538852,
      "location": 0.536818
    },
    "SAMPLE": {
      "sample id": 0.52383,
      "metal grade": 0.530124,
      "collection date": 0.522123
    },
    "DAILY_REPORT": {
      "daily report id": 0.539386,
      "report date": 0.532055,
      "grade": 0.532068,
      "recovery rate": 0.547476
    },
    "USER": {
      "user id": 0.504846,
      "username": 0.49939,
      "role id": 0.51683,
      "status": 0.530979
    },
    "ROLE": {
      "role id": 0.525285,
      "role name": 0.523065
    },
    "PERMISSION": {
      "permission id": 0.511872,
      "permission name": 0.509645
    },
    "OPERATION_HISTORY": {
      "operation id": 0.54078,
      "user id": 0.529867,
      "operation type": 0.544101,
      "operation timestamp": 0.535431,
      "details": 0.547391
    },
    "ANNOUNCEMENT": {
      "announcement id": 0.513158,
      "content": 0.522501,
      "release time": 0.510642,
      "status": 0.523882
    },
    "JOB_POSITION": {
      "position id": 0.537345,
      "title": 0.54445,
      "description": 0.552182,
      "responsibility": 0.541282,
      "requirement": 0.551351
    },
    "APPLICATION": {
      "application id": 0.501571,
      "user id": 0.500703,
      "position id": 0.511346,
      "match rate": 0.517566,
      "application date": 0.507226
    },
    "ALARM_NOTIFICATION": {
      "alarm id": 0.508156,
      "equipment id": 0.523592,
      "notification time": 0.501494,
      "message": 0.507997,
      "status": 0.519071
    },
    "ANOMALY_CASE": {
      "anomaly id": 0.514339,
      "equipment id": 0.535781,
      "case description": 0.521908,
      "detected time": 0.509948,
      "status": 0.523584
    }
  },
  "relationship": [],
  "processing_time": 40.53
}