{
  "filename": "257.txt",
  "entity": {
    "COMPANY": 0.622459,
    "HOTEL": 0.523308,
    "CUSTOMER": 0.622459,
    "CUSTOMER_TYPE": 0.530138,
    "FLIGHT": 0.622459,
    "AIRLINE": 0.570919,
    "ORDER": 0.622459,
    "BOOKING": 0.622459,
    "TICKET": 0.622459
  },
  "attribute": {
    "COMPANY": {
      "company id": 0.524617
    },
    "HOTEL": {
      "hotel id": 0.545969
    },
    "CUSTOMER": {
      "customer id": 0.545322,
      "gender": 0.553559,
      "contact information": 0.547473,
      "customer type id": 0.547936
    },
    "CUSTOMER_TYPE": {
      "customer type id": 0.546805,
      "type name": 0.549839,
      "discount rate": 0.5575
    },
    "AIRLINE": {
      "airline id": 0.540136,
      "airline name": 0.543138
    },
    "FLIGHT": {
      "flight id": 0.539596,
      "flight date": 0.53479,
      "airline id": 0.540209,
      "departure location": 0.537133,
      "departure time": 0.539636,
      "destination": 0.542335,
      "arrival time": 0.53874
    },
    "ORDER": {
      "order id": 0.519327,
      "customer id": 0.538245,
      "flight id": 0.542728,
      "ticket order number": 0.539734,
      "discount rate": 0.536706
    },
    "BOOKING": {
      "booking id": 0.553779,
      "booking date": 0.553555,
      "check time": 0.555495,
      "discount rate": 0.554526,
      "ticket order number": 0.550952
    },
    "TICKET": {
      "ticket id": 0.533684,
      "order id": 0.536439,
      "flight id": 0.537896,
      "ticket order number": 0.538311,
      "discount rate": 0.542885
    }
  },
  "relationship": [],
  "processing_time": 10.1
}