{
  "filename": "258.txt",
  "entity": {
    "DONOR": 0.622459,
    "FUNDRAISING_EVENT": 0.610996,
    "DONATION": 0.622459
  },
  "attribute": {
    "DONOR": {
      "donor id": 0.539698,
      "name": 0.540596,
      "contact detail": 0.544472,
      "address": 0.5363
    },
    "FUNDRAISING_EVENT": {
      "event id": 0.55348,
      "name": 0.558463,
      "event type": 0.565241,
      "timing": 0.551573,
      "location": 0.549999,
      "current raise status": 0.551511
    },
    "DONATION": {
      "donation id": 0.540135,
      "donor id": 0.545425,
      "event id": 0.551487,
      "donation time": 0.545829,
      "method": 0.552543,
      "amount": 0.54272,
      "message": 0.537915
    }
  },
  "relationship": [],
  "processing_time": 5.35
}