{
  "filename": "259.txt",
  "entity": {
    "USER": 0.622459,
    "EMAIL_ACCOUNT": 0.554186,
    "CONTACT": 0.526475,
    "EMAIL": 0.622459,
    "ATTACHMENT": 0.622459
  },
  "attribute": {
    "USER": {
      "username": 0.514408,
      "password": 0.52543,
      "email": 0.553273
    },
    "EMAIL_ACCOUNT": {
      "email address": 0.54932,
      "password": 0.546473,
      "user username": 0.543168
    },
    "CONTACT": {
      "contact id": 0.526853,
      "phone number": 0.518796,
      "work address": 0.534913,
      "email address": 0.543519,
      "user username": 0.526994
    },
    "EMAIL": {
      "email id": 0.542399,
      "sender address": 0.545547,
      "recipient address": 0.548967,
      "status": 0.550799,
      "subject": 0.559486,
      "content": 0.558558,
      "send time": 0.541844,
      "receive time": 0.541837,
      "sender user username": 0.538652
    },
    "ATTACHMENT": {
      "attachment id": 0.532898,
      "filename": 0.534092,
      "size": 0.535354,
      "email id": 0.552211
    }
  },
  "relationship": [],
  "processing_time": 6.97
}