{
  "filename": "260.txt",
  "entity": {
    "STUDENT": 0.622459,
    "COURSE": 0.622459,
    "INSTRUCTOR": 0.534719,
    "ACADEMIC_STAFF": 0.513697,
    "REGISTRATION": 0.622459,
    "EXAMINATION_RESULT": 0.598015,
    "CLASS": 0.517568,
    "UNIVERSITY": 0.537181
  },
  "attribute": {
    "STUDENT": {
      "student id": 0.571542,
      "date of birth": 0.562041,
      "phone number": 0.556002,
      "home address": 0.561532
    },
    "COURSE": {
      "course id": 0.561509,
      "credits": 0.549971
    },
    "INSTRUCTOR": {
      "instructor id": 0.549356
    },
    "ACADEMIC_STAFF": {
      "staff id": 0.539202
    },
    "REGISTRATION": {
      "registration id": 0.545097,
      "student id": 0.57722,
      "course id": 0.577037,
      "registration time": 0.536248,
      "status": 0.550332
    },
    "EXAMINATION_RESULT": {
      "result id": 0.538327,
      "student id": 0.563195,
      "grade": 0.543734,
      "examination date": 0.541856
    },
    "CLASS": {
      "class id": 0.530434,
      "course id": 0.563742,
      "instructor id": 0.555326,
      "class time": 0.528964,
      "location": 0.535705
    },
    "UNIVERSITY": {
      "university id": 0.554996
    }
  },
  "relationship": [],
  "processing_time": 6.0
}