{
  "filename": "291.txt",
  "entity": {
    "DEPARTMENT": 0.452023,
    "LABORATORY": 0.622459,
    "REAGENT": 0.622459,
    "INVENTORY": 0.622459,
    "USAGE_RECORD": 0.486678,
    "USER": 0.503275,
    "PERSON": 0.4547,
    "LOCATION": 0.473974,
    "EXPIRATION_ALERT": 0.528594
  },
  "attribute": {
    "DEPARTMENT": {
      "department id": 0.537165,
      "department name": 0.540402
    },
    "LABORATORY": {
      "laboratory id": 0.55721,
      "laboratory name": 0.552331,
      "person charge id": 0.553707,
      "location id": 0.551368
    },
    "REAGENT": {
      "reagent id": 0.556043,
      "reagent name": 0.557717,
      "specification": 0.56869
    },
    "INVENTORY": {
      "inventory id": 0.535119,
      "reagent id": 0.558708,
      "laboratory id": 0.567101,
      "quantity": 0.54501,
      "expiration date": 0.537499
    },
    "USAGE_RECORD": {
      "usage id": 0.528065,
      "reagent id": 0.552615,
      "laboratory id": 0.560496,
      "usage date": 0.535993,
      "user id": 0.522742,
      "usage quantity": 0.542709
    },
    "USER": {
      "user id": 0.512994,
      "username": 0.501503,
      "person id": 0.513437
    },
    "PERSON": {
      "person id": 0.510386,
      "person name": 0.503979,
      "contact info": 0.518323
    },
    "LOCATION": {
      "location id": 0.507401,
      "address": 0.506125
    },
    "EXPIRATION_ALERT": {
      "alert id": 0.52508,
      "reagent id": 0.550169,
      "laboratory id": 0.557375,
      "alert date": 0.52223,
      "message": 0.524789
    }
  },
  "relationship": [],
  "processing_time": 11.26
}