{
  "filename": "300.txt",
  "entity": {
    "MATERIAL_SUPPLY_PROJECT": 0.555471,
    "BILL": 0.622459,
    "MATERIAL": 0.622459,
    "PROJECT_MATERIAL": 0.520663,
    "BILL_MATERIAL": 0.547481
  },
  "attribute": {
    "MATERIAL_SUPPLY_PROJECT": {
      "project number": 0.542848,
      "creation date": 0.539996,
      "closing date": 0.531772
    },
    "BILL": {
      "bill id": 0.523086,
      "creation time": 0.531595,
      "modification time": 0.525711,
      "verification status": 0.531143,
      "error flag": 0.522972
    },
    "MATERIAL": {
      "material code": 0.52316,
      "description": 0.529572,
      "unit": 0.53256
    },
    "PROJECT_MATERIAL": {
      "project number": 0.532162,
      "material code": 0.531506,
      "quantity": 0.549732,
      "unit cost": 0.535141,
      "charge": 0.534339,
      "pk": 0.532578
    },
    "BILL_MATERIAL": {
      "bill id": 0.535466,
      "material code": 0.53754,
      "quantity": 0.545352,
      "unit cost": 0.540196,
      "charge": 0.537723,
      "pk": 0.530937
    }
  },
  "relationship": [],
  "processing_time": 6.6
}