{
  "filename": "306.txt",
  "entity": {
    "TASK": 0.622459,
    "SCHEDULER": 0.622459,
    "TRIGGER": 0.622459,
    "LOCK": 0.622459,
    "SIMPLE_TRIGGER": 0.558851,
    "CRON_TRIGGER": 0.528768,
    "COMPLEX_TRIGGER": 0.543316,
    "BLOB_TRIGGER": 0.515695,
    "TASK_INSTANCE": 0.518067,
    "TASK_TRIGGER": 0.801724,
    "SCHEDULER_TASK": 0.987786,
    "SCHEDULER_LOCK": 0.564352,
    "TASK_DEPENDENCY": 1.0
  },
  "attribute": {
    "TASK": {
      "task id": 0.53868,
      "description": 0.543941,
      "class persistence flag": 0.539214,
      "concurrent execution flag": 0.548456,
      "depend task id": 0.544472
    },
    "SCHEDULER": {
      "scheduler id": 0.540847,
      "status": 0.542579,
      "configuration": 0.542014,
      "log": 0.536366
    },
    "TRIGGER": {
      "trigger id": 0.529291,
      "trigger type": 0.543113
    },
    "SIMPLE_TRIGGER": {
      "trigger id": 0.52588,
      "repeat count": 0.54015,
      "repeat interval": 0.540392,
      "trigger count": 0.53964
    },
    "CRON_TRIGGER": {
      "trigger id": 0.536324,
      "cron expression": 0.53852,
      "timezone": 0.535872
    },
    "COMPLEX_TRIGGER": {
      "trigger id": 0.540839,
      "attr string": 0.523908,
      "attr integer": 0.530115,
      "attr long": 0.533497,
      "attr decimal": 0.530225,
      "attr boolean": 0.52835
    },
    "BLOB_TRIGGER": {
      "trigger id": 0.526921,
      "binary data": 0.526252
    },
    "LOCK": {
      "lock id": 0.512984,
      "lock status": 0.529225,
      "lock description": 0.527598
    },
    "TASK_TRIGGER": {
      "task id": 0.550222,
      "trigger id": 0.548261,
      "execution time": 0.801724,
      "priority": 0.801724,
      "trigger status": 0.801724,
      "start time": 0.801724,
      "end time": 0.801724,
      "calendar": 0.801724,
      "fault instruction": 0.801724,
      "pk": 0.801724,
      "task_trigger_id": 0.801724,
      "task_id": 0.801724,
      "trigger_id": 0.801724
    },
    "SCHEDULER_TASK": {
      "scheduler id": 0.548729,
      "task id": 0.551568,
      "pk": 0.987786,
      "scheduler_task_id": 0.987786,
      "scheduler_id": 0.987786,
      "task_id": 0.987786
    },
    "SCHEDULER_LOCK": {
      "scheduler id": 0.540968,
      "lock id": 0.538031,
      "acquisition time": 0.564352,
      "release time": 0.564352,
      "pk": 0.564352,
      "scheduler_lock_id": 0.564352,
      "scheduler_id": 0.564352,
      "lock_id": 0.564352
    },
    "TASK_DEPENDENCY": {
      "task_dependency_id": 1.0,
      "task_id": 1.0,
      "pk": 1.0
    }
  },
  "relationship": [
    {
      "entity_1": "TASK",
      "entity_2": "TASK_TRIGGER",
      "description": "One TASK can be associated with many TASK_TRIGGER.",
      "cardinality": "1:N",
      "associative_entity": null,
      "probability": 0.801724
    },
    {
      "entity_1": "TRIGGER",
      "entity_2": "TASK_TRIGGER",
      "description": "One TRIGGER can be associated with many TASK_TRIGGER.",
      "cardinality": "1:N",
      "associative_entity": null,
      "probability": 0.801724
    },
    {
      "entity_1": "SCHEDULER",
      "entity_2": "SCHEDULER_TASK",
      "description": "One SCHEDULER can be associated with many SCHEDULER_TASK.",
      "cardinality": "1:N",
      "associative_entity": null,
      "probability": 0.987786
    },
    {
      "entity_1": "TASK",
      "entity_2": "SCHEDULER_TASK",
      "description": "One TASK can be associated with many SCHEDULER_TASK.",
      "cardinality": "1:N",
      "associative_entity": null,
      "probability": 0.987786
    },
    {
      "entity_1": "SCHEDULER",
      "entity_2": "SCHEDULER_LOCK",
      "description": "One SCHEDULER can be associated with many SCHEDULER_LOCK.",
      "cardinality": "1:N",
      "associative_entity": null,
      "probability": 0.564352
    },
    {
      "entity_1": "LOCK",
      "entity_2": "SCHEDULER_LOCK",
      "description": "One LOCK can be associated with many SCHEDULER_LOCK.",
      "cardinality": "1:N",
      "associative_entity": null,
      "probability": 0.564352
    },
    {
      "entity_1": "TRIGGER",
      "entity_2": "SIMPLE_TRIGGER",
      "description": "A simple trigger is a specific type of trigger.",
      "cardinality": "1:1",
      "associative_entity": null,
      "probability": 0.999985
    },
    {
      "entity_1": "TRIGGER",
      "entity_2": "CRON_TRIGGER",
      "description": "A cron trigger is a specific type of trigger.",
      "cardinality": "1:1",
      "associative_entity": null,
      "probability": 0.995224
    },
    {
      "entity_1": "TRIGGER",
      "entity_2": "COMPLEX_TRIGGER",
      "description": "A complex trigger is a specific type of trigger.",
      "cardinality": "1:1",
      "associative_entity": null,
      "probability": 0.999923
    },
    {
      "entity_1": "TRIGGER",
      "entity_2": "BLOB_TRIGGER",
      "description": "A blob trigger is a specific type of trigger.",
      "cardinality": "1:1",
      "associative_entity": null,
      "probability": 0.997135
    },
    {
      "entity_1": "TASK",
      "entity_2": "TASK_DEPENDENCY",
      "description": "One TASK can be associated with many TASK_DEPENDENCY.",
      "cardinality": "1:N",
      "associative_entity": null,
      "probability": 1.0
    }
  ],
  "processing_time": 26.44
}