{
  "filename": "307.txt",
  "entity": {
    "COMPANY": 0.622459,
    "USER": 0.622459,
    "API_KEY": 0.472303,
    "EMPLOYEE": 0.622459,
    "SITE": 0.622459,
    "DEVICE": 0.481109,
    "USER_API_KEY": 0.997999,
    "USER_SITE": 0.938149
  },
  "attribute": {
    "COMPANY": {
      "company id": 0.536409,
      "name": 0.532488,
      "website": 0.540165,
      "created at": 0.524613,
      "updated at": 0.526224
    },
    "USER": {
      "user id": 0.516726,
      "username": 0.505367,
      "email": 0.515534,
      "password hash": 0.525437,
      "password salt": 0.522772,
      "password type": 0.52456,
      "display name": 0.505247,
      "is admin": 0.523516,
      "is developer": 0.528231,
      "role": 0.526469,
      "created at": 0.514983,
      "updated at": 0.510959,
      "last login at": 0.516869
    },
    "API_KEY": {
      "api key id": 0.520891,
      "key value": 0.524345,
      "private key": 0.52144,
      "application reason": 0.524926,
      "key uri": 0.520137,
      "created at": 0.517157,
      "updated at": 0.515343,
      "user id": 0.525491
    },
    "EMPLOYEE": {
      "employee id": 0.548173,
      "position": 0.545248,
      "salary": 0.537265,
      "created at": 0.536109,
      "updated at": 0.530157,
      "company id": 0.550742
    },
    "SITE": {
      "site id": 0.507014,
      "hostname": 0.50197,
      "abbreviation": 0.514265,
      "is deprecated": 0.510503,
      "created at": 0.510055,
      "updated at": 0.507763
    },
    "DEVICE": {
      "device id": 0.502294,
      "created at": 0.504615,
      "updated at": 0.500882,
      "employee id": 0.537525
    },
    "USER_API_KEY": {
      "user id": 0.997999,
      "api key id": 0.997999,
      "assigned at": 0.997999,
      "user_api_key_id": 0.997999,
      "user_id": 0.997999,
      "api_key_id": 0.997999
    },
    "USER_SITE": {
      "user id": 0.938149,
      "site id": 0.938149,
      "granted at": 0.938149,
      "user_site_id": 0.938149,
      "user_id": 0.938149,
      "site_id": 0.938149
    }
  },
  "relationship": [
    {
      "entity_1": "COMPANY",
      "entity_2": "EMPLOYEE",
      "description": "A company employs multiple employees; each employee belongs to one company.",
      "cardinality": "1:N",
      "associative_entity": null,
      "probability": 0.829128
    },
    {
      "entity_1": "EMPLOYEE",
      "entity_2": "DEVICE",
      "description": "An employee can be assigned multiple devices; each device is assigned to one employee.",
      "cardinality": "1:N",
      "associative_entity": null,
      "probability": 0.24272
    },
    {
      "entity_1": "USER",
      "entity_2": "USER_API_KEY",
      "description": "One USER can be associated with many USER_API_KEY.",
      "cardinality": "1:N",
      "associative_entity": null,
      "probability": 0.997999
    },
    {
      "entity_1": "API_KEY",
      "entity_2": "USER_API_KEY",
      "description": "One API_KEY can be associated with many USER_API_KEY.",
      "cardinality": "1:N",
      "associative_entity": null,
      "probability": 0.997999
    },
    {
      "entity_1": "USER",
      "entity_2": "USER_SITE",
      "description": "One USER can be associated with many USER_SITE.",
      "cardinality": "1:N",
      "associative_entity": null,
      "probability": 0.938149
    },
    {
      "entity_1": "SITE",
      "entity_2": "USER_SITE",
      "description": "One SITE can be associated with many USER_SITE.",
      "cardinality": "1:N",
      "associative_entity": null,
      "probability": 0.938149
    }
  ],
  "processing_time": 24.09
}