{
  "filename": "315.txt",
  "entity": {
    "PERSONNEL": 0.622459,
    "BOOK": 0.622459,
    "BOOK_COPY": 0.501375,
    "BORROWING_RECORD": 0.54066
  },
  "attribute": {
    "PERSONNEL": {
      "personnel id": 0.520368,
      "first name": 0.520725,
      "last name": 0.520291,
      "role": 0.529644,
      "email": 0.518032,
      "phone": 0.510006,
      "address": 0.512787
    },
    "BOOK": {
      "book id": 0.522896,
      "title": 0.521511,
      "author": 0.51632,
      "publisher": 0.531304,
      "publication year": 0.527997,
      "isbn": 0.535069,
      "category": 0.536222,
      "language": 0.529314,
      "edition": 0.521599
    },
    "BOOK_COPY": {
      "copy id": 0.523187,
      "book id": 0.527957,
      "copy number": 0.52132,
      "status": 0.537339,
      "location": 0.526096,
      "acquisition date": 0.525836
    },
    "BORROWING_RECORD": {
      "borrowing id": 0.522046,
      "copy id": 0.520782,
      "personnel id": 0.530943,
      "borrow date": 0.523133,
      "due date": 0.521679,
      "return date": 0.523409,
      "return status": 0.529353,
      "fine amount": 0.52181
    }
  },
  "relationship": [],
  "processing_time": 12.04
}