{
  "filename": "321.txt",
  "entity": {
    "USER": 0.622459,
    "FOOTBALL_CLUB": 0.510973,
    "EVENT_ORGANIZER": 0.522086,
    "ORGANIZATION": 0.539368,
    "SOCIAL_PLATFORM": 0.534445,
    "MEMBERSHIP": 0.622459,
    "TEAM": 0.622459,
    "MATCH": 0.622459,
    "EVENT": 0.622459,
    "PROFILE": 0.510498,
    "MARKETING_ACTIVITY": 0.520938,
    "SERVICE": 0.485029,
    "FRIENDSHIP": 0.509899,
    "INTEREST": 0.487353
  },
  "attribute": {
    "USER": {
      "user id": 0.510276,
      "username": 0.511807,
      "email": 0.522029,
      "password hash": 0.511412,
      "registration date": 0.505928,
      "basic information": 0.53041,
      "social information": 0.551618,
      "personal interest": 0.54018
    },
    "FOOTBALL_CLUB": {
      "club id": 0.544019,
      "name": 0.550302,
      "location": 0.547005,
      "founded year": 0.553966
    },
    "EVENT_ORGANIZER": {
      "organizer id": 0.524494,
      "name": 0.535304,
      "contact phone": 0.531251,
      "contact email": 0.529375
    },
    "ORGANIZATION": {
      "organization id": 0.521612,
      "name": 0.53052,
      "organization type": 0.534659
    },
    "SOCIAL_PLATFORM": {
      "platform id": 0.531437,
      "name": 0.541814,
      "url": 0.531458,
      "launch date": 0.531086
    },
    "MEMBERSHIP": {
      "membership id": 0.516859,
      "user id": 0.51826,
      "membership type": 0.538045,
      "start date": 0.517314,
      "end date": 0.513641,
      "discount eligible": 0.513972
    },
    "TEAM": {
      "team id": 0.530037,
      "name": 0.532398,
      "creation date": 0.529859,
      "manager user id": 0.537504
    },
    "MATCH": {
      "match id": 0.522214,
      "home team id": 0.537825,
      "away team id": 0.532613,
      "schedule datetime": 0.511255,
      "venue": 0.535543,
      "result": 0.520568
    },
    "EVENT": {
      "event id": 0.519427,
      "name": 0.52692,
      "description": 0.532382,
      "start date": 0.516639,
      "end date": 0.510431,
      "location": 0.522249,
      "organizer id": 0.528922
    },
    "PROFILE": {
      "profile id": 0.513051,
      "user id": 0.513262,
      "profile picture url": 0.512222,
      "bio": 0.526651
    },
    "MARKETING_ACTIVITY": {
      "activity id": 0.531303,
      "name": 0.539186,
      "description": 0.543528,
      "start date": 0.524559,
      "end date": 0.520398,
      "target audience": 0.546586,
      "sponsor id": 0.529538
    },
    "SERVICE": {
      "service id": 0.505716,
      "name": 0.518673,
      "description": 0.52801,
      "discount rate": 0.508026
    },
    "FRIENDSHIP": {
      "friendship id": 0.517756,
      "user id1": 0.525243,
      "user id2": 0.526263,
      "since date": 0.517385
    },
    "INTEREST": {
      "interest id": 0.510286,
      "name": 0.520811,
      "category": 0.534118
    }
  },
  "relationship": [],
  "processing_time": 20.96
}