{
  "filename": "333.txt",
  "entity": {
    "USER": 0.622459,
    "PERSONAL_INFORMATION": 0.521038,
    "CONNECTION": 0.622459,
    "CONNECTION_REQUEST": 0.529242,
    "HOME_PAGE": 0.572143,
    "POST": 0.477914,
    "USER_HOME_PAGE": 0.525129
  },
  "attribute": {
    "USER": {
      "user id": 0.531113,
      "username": 0.528581,
      "password hash": 0.520101,
      "user type": 0.54938
    },
    "PERSONAL_INFORMATION": {
      "user id": 0.547808,
      "phone": 0.548994,
      "address": 0.546708,
      "email": 0.546854,
      "birthday": 0.536328,
      "gender": 0.547351,
      "relationship status": 0.552386,
      "interests": 0.545844,
      "profile motto": 0.545353,
      "hometown": 0.547756,
      "current location": 0.54593
    },
    "CONNECTION": {
      "connection id": 0.52256,
      "user id 1": 0.541468,
      "user id 2": 0.540341,
      "connection time": 0.52301
    },
    "CONNECTION_REQUEST": {
      "request id": 0.523533,
      "requester id": 0.523964,
      "requestee id": 0.526641,
      "request time": 0.525884
    },
    "HOME_PAGE": {
      "home page id": 0.534135,
      "creator user id": 0.54557,
      "title": 0.53443,
      "introduction": 0.551775,
      "creation time": 0.536657
    },
    "POST": {
      "post id": 0.516126,
      "user id": 0.531082,
      "home page id": 0.533748,
      "content text": 0.516571,
      "posting time": 0.531441
    },
    "USER_HOME_PAGE": {
      "user id": 0.546607,
      "home page id": 0.544715,
      "join time": 0.555358
    }
  },
  "relationship": [],
  "processing_time": 12.39
}