{
  "filename": "347.txt",
  "entity": {
    "MODEL": 0.622459,
    "MODEL_TYPE": 0.588871,
    "HYPERPARAMETER": 0.622459,
    "PERFORMANCE_METRIC": 0.444258,
    "DATASET": 0.622459,
    "MODEL_RUN": 0.516294,
    "HYPERPARAMETER_VALUE": 0.57432,
    "HYPERPARAMETER_DEF_VALUE": 0.56353,
    "LEADERBOARD": 0.467745,
    "TAG": 0.622459,
    "DATASET_VARIABLE_DETAIL": 0.49315,
    "DATA_MAP": 0.49475,
    "MODEL_MAP": 0.518092,
    "ID_MAP": 0.462247,
    "TAG_MAP": 0.514746,
    "MODEL_PERFORMANCE_EVALUATION": 0.49595
  },
  "attribute": {
    "MODEL": {
      "model id": 0.527222,
      "model name": 0.530971,
      "operational status": 0.534609,
      "max number": 0.533206,
      "family": 0.530295,
      "is stack ensemble": 0.536075
    },
    "MODEL_TYPE": {
      "model type id": 0.524854,
      "type name": 0.528803,
      "description": 0.536246
    },
    "HYPERPARAMETER": {
      "hyperparameter id": 0.533444,
      "hyperparameter name": 0.534887,
      "description": 0.542621
    },
    "PERFORMANCE_METRIC": {
      "metric id": 0.534693,
      "metric name": 0.530486,
      "description": 0.536553
    },
    "DATASET": {
      "dataset id": 0.533176,
      "dataset name": 0.533775,
      "owner": 0.532394,
      "license": 0.530223,
      "visibility": 0.530803,
      "url": 0.532407,
      "creation date": 0.531655,
      "update date": 0.528927,
      "datum size": 0.528274,
      "number rows": 0.540994,
      "number columns": 0.540157
    },
    "MODEL_RUN": {
      "model run id": 0.533051,
      "model id": 0.533498,
      "dataset id": 0.54306,
      "execution time": 0.531393,
      "start time": 0.527513,
      "end time": 0.536608,
      "runtime": 0.536565,
      "run path": 0.527573,
      "max number": 0.537997
    },
    "HYPERPARAMETER_VALUE": {
      "hyperparameter value id": 0.531967,
      "hyperparameter id": 0.531756,
      "model id": 0.542358,
      "value": 0.533296
    },
    "HYPERPARAMETER_DEF_VALUE": {
      "def value id": 0.536368,
      "hyperparameter id": 0.536996,
      "model type id": 0.54609,
      "default value": 0.533026
    },
    "LEADERBOARD": {
      "leaderboard id": 0.527245,
      "model id": 0.539226,
      "metric id": 0.535688,
      "score": 0.526675,
      "rank": 0.535113
    },
    "TAG": {
      "tag id": 0.507616,
      "tag name": 0.512132
    },
    "DATASET_VARIABLE_DETAIL": {
      "variable detail id": 0.526323,
      "dataset id": 0.529619,
      "variable name": 0.526675,
      "datum type": 0.532282,
      "unique value count": 0.531431,
      "null value count": 0.528005
    },
    "DATA_MAP": {
      "data map id": 0.523466,
      "dataset id": 0.533857,
      "model run id": 0.540775
    },
    "MODEL_MAP": {
      "model map id": 0.529807,
      "model type id": 0.530319,
      "model id": 0.530549
    },
    "ID_MAP": {
      "id map id": 0.51282,
      "model type id": 0.526728,
      "model id": 0.526306
    },
    "TAG_MAP": {
      "tag map id": 0.512094,
      "dataset id": 0.529097,
      "tag id": 0.511712
    },
    "MODEL_PERFORMANCE_EVALUATION": {
      "evaluation id": 0.540603,
      "model id": 0.542397,
      "metric id": 0.543395,
      "metric value": 0.541236
    }
  },
  "relationship": [],
  "processing_time": 48.28
}