{
  "filename": "352.txt",
  "entity": {
    "SUPPLIER": 0.622459,
    "CUSTOMER": 0.622459,
    "PRODUCT": 0.622459,
    "INVOICE": 0.622459,
    "INVOICE_PRODUCT": 0.601471
  },
  "attribute": {
    "SUPPLIER": {
      "supplier id": 0.541575,
      "address": 0.542569,
      "phone number": 0.532504
    },
    "CUSTOMER": {
      "customer id": 0.529133,
      "phone number": 0.519007,
      "address": 0.531448,
      "email": 0.535838
    },
    "PRODUCT": {
      "product id": 0.52289,
      "description": 0.53148,
      "purchase price": 0.524453,
      "sell price": 0.525948,
      "inventory quantity": 0.557657,
      "minimum inventory quantity": 0.548088,
      "supplier id": 0.539933
    },
    "INVOICE": {
      "invoice id": 0.544354,
      "invoice date": 0.537719,
      "tax": 0.543386,
      "total value": 0.546954,
      "customer id": 0.551288
    },
    "INVOICE_PRODUCT": {
      "invoice id": 0.548501,
      "product id": 0.5484,
      "quantity": 0.562658
    }
  },
  "relationship": [],
  "processing_time": 16.94
}