{
  "filename": "414.txt",
  "entity": {
    "SALES_PLAN": 0.576495,
    "SALES_POINT": 0.577178,
    "DEVICE": 0.622459,
    "CITY": 0.622459,
    "COMPANY": 0.622459,
    "VENUE": 0.622459
  },
  "attribute": {
    "SALES_PLAN": {
      "sale plan id": 0.545746,
      "sale plan description": 0.557919,
      "start date": 0.54237,
      "end date": 0.539139
    },
    "SALES_POINT": {
      "sales point id": 0.559179,
      "address": 0.565359,
      "city id": 0.565911,
      "company id": 0.559904,
      "venue id": 0.572458
    },
    "DEVICE": {
      "device id": 0.518999,
      "device name": 0.524371,
      "device model": 0.531347,
      "sales point id": 0.556285
    },
    "CITY": {
      "city id": 0.531208,
      "province": 0.518941
    },
    "COMPANY": {
      "company id": 0.519183,
      "company name": 0.522419,
      "address": 0.529903
    },
    "VENUE": {
      "venue id": 0.549671,
      "venue name": 0.552223,
      "venue description": 0.560913
    }
  },
  "relationship": [],
  "processing_time": 13.0
}