{
  "filename": "417.txt",
  "entity": {
    "USER": 0.622459,
    "POST": 0.622459,
    "COMMENT": 0.622459,
    "CATEGORY": 0.622459,
    "NOTIFICATION": 0.622459
  },
  "attribute": {
    "USER": {
      "user id": 0.52099,
      "username": 0.51607,
      "email": 0.531859,
      "password": 0.521683,
      "avatar link": 0.510887,
      "registration date": 0.513692
    },
    "POST": {
      "post id": 0.522846,
      "title": 0.527967,
      "content": 0.531394,
      "category id": 0.539401,
      "user id": 0.524876,
      "post time": 0.527595,
      "status": 0.538873,
      "reply count": 0.547845,
      "like count": 0.54302,
      "favorite count": 0.530566
    },
    "COMMENT": {
      "comment id": 0.536821,
      "content": 0.545309,
      "post id": 0.539454,
      "user id": 0.540457,
      "like count": 0.545169,
      "reply count": 0.5473,
      "comment time": 0.536807,
      "parent comment id": 0.530472
    },
    "CATEGORY": {
      "category id": 0.534057,
      "name": 0.538478
    },
    "NOTIFICATION": {
      "notification id": 0.532711,
      "content": 0.546745,
      "user id": 0.535442,
      "read status": 0.534149,
      "created at": 0.526604
    }
  },
  "relationship": [],
  "processing_time": 26.96
}