{
  "filename": "424.txt",
  "entity": {
    "USER": 0.622459,
    "SYSTEM": 0.622459,
    "SESSION": 0.50675,
    "AUTHORIZATION": 0.622459,
    "SYSTEM_CONFIGURATION": 0.495325
  },
  "attribute": {
    "USER": {
      "user id": 0.528756,
      "username": 0.511768,
      "password": 0.542495,
      "phone number": 0.520042,
      "email": 0.536523,
      "account status": 0.55932,
      "last login time": 0.55574,
      "last login ip": 0.551004
    },
    "SYSTEM": {
      "system id": 0.540214,
      "system name": 0.540683,
      "system domain": 0.548586,
      "last access time": 0.549875,
      "is enabled": 0.540301,
      "approval required": 0.554311
    },
    "SESSION": {
      "session id": 0.529926,
      "user id": 0.537772,
      "system id": 0.545948,
      "login time": 0.545357,
      "login ip": 0.544138,
      "token expiration time": 0.531568,
      "logout time": 0.53311,
      "is valid": 0.532073
    },
    "AUTHORIZATION": {
      "auth id": 0.535985,
      "user id": 0.543354,
      "system id": 0.556541,
      "auth time": 0.545223,
      "effective expiration time": 0.540261
    },
    "SYSTEM_CONFIGURATION": {
      "system id": 0.544475,
      "callback url": 0.523113,
      "secret key": 0.542241,
      "token validity period": 0.550792
    }
  },
  "relationship": [],
  "processing_time": 17.39
}