{
  "filename": "425.txt",
  "entity": {
    "USER": 0.486603,
    "BUILDING": 0.481384,
    "DORMITORY": 0.622459,
    "STUDENT": 0.622459,
    "APPLICATION": 0.622459,
    "MAINTENANCE_RECORD": 0.530537,
    "ANNOUNCEMENT": 0.622459
  },
  "attribute": {
    "USER": {
      "user id": 0.513151,
      "username": 0.502726,
      "password": 0.523892,
      "role": 0.530458
    },
    "BUILDING": {
      "building id": 0.522533,
      "type": 0.524661,
      "location": 0.51776,
      "description": 0.53003,
      "manager id": 0.535632
    },
    "DORMITORY": {
      "dormitory id": 0.559717,
      "type": 0.563128,
      "number": 0.561035,
      "bed count": 0.553569,
      "building id": 0.55328,
      "support facilities": 0.565491,
      "manager id": 0.566287
    },
    "STUDENT": {
      "student id": 0.546311,
      "gender": 0.541057,
      "dormitory id": 0.563679,
      "class": 0.539066
    },
    "APPLICATION": {
      "application id": 0.505593,
      "type": 0.519494,
      "student id": 0.543319,
      "content": 0.522882,
      "submitted at": 0.522561,
      "status": 0.528524,
      "processing opinion": 0.526831,
      "processed by": 0.520131
    },
    "MAINTENANCE_RECORD": {
      "maintenance id": 0.528169,
      "dormitory id": 0.564608,
      "fault description": 0.527822,
      "repair time": 0.517505,
      "staff id": 0.541881,
      "situation": 0.535267,
      "completion time": 0.526429
    },
    "ANNOUNCEMENT": {
      "announcement id": 0.509412,
      "title": 0.515204,
      "content": 0.518385,
      "release time": 0.504812,
      "released by": 0.507214
    }
  },
  "relationship": [],
  "processing_time": 27.8
}