{
  "filename": "426.txt",
  "entity": {
    "USER": 0.622459,
    "AUTHORIZATION": 0.474273,
    "ATTRACTION": 0.622459,
    "RESERVATION": 0.446901,
    "COMMENT": 0.622459,
    "BOOKMARK": 0.440015
  },
  "attribute": {
    "USER": {
      "account number": 0.536622,
      "password": 0.539496,
      "nickname": 0.531436,
      "bio": 0.526044
    },
    "AUTHORIZATION": {
      "auth id": 0.533165,
      "user account number": 0.544082,
      "provider": 0.55261,
      "auth token": 0.539271,
      "auth timestamp": 0.534305
    },
    "ATTRACTION": {
      "attraction id": 0.516585,
      "picture url": 0.514375,
      "reference price": 0.513882,
      "description": 0.518569
    },
    "BOOKMARK": {
      "bookmark id": 0.518136,
      "user account number": 0.537613,
      "attraction id": 0.528504,
      "created at": 0.52655
    },
    "RESERVATION": {
      "reservation id": 0.537711,
      "user account number": 0.546978,
      "attraction id": 0.534915,
      "reservation time": 0.528552,
      "ticket purchase time": 0.53318,
      "ticket quantity": 0.533677
    },
    "COMMENT": {
      "comment id": 0.532142,
      "user account number": 0.542514,
      "attraction id": 0.531573,
      "comment time": 0.529652,
      "content": 0.539967,
      "status": 0.540101
    }
  },
  "relationship": [],
  "processing_time": 15.31
}