{
  "filename": "430.txt",
  "entity": {
    "USER": 0.622459,
    "ATTRACTION": 0.622459,
    "ORDER": 0.473674,
    "COMMENT": 0.622459,
    "MESSAGE": 0.500575,
    "FAVORITE": 0.471705
  },
  "attribute": {
    "USER": {
      "user id": 0.529925,
      "username": 0.522733,
      "password": 0.54234,
      "wechat openid": 0.546026,
      "qq number": 0.544702,
      "email": 0.546145,
      "remark": 0.545438,
      "account": 0.5449,
      "created at": 0.534943,
      "updated at": 0.541895
    },
    "ATTRACTION": {
      "attraction id": 0.527637,
      "attraction detail": 0.527987,
      "reference price": 0.516973,
      "image url": 0.517005,
      "era": 0.522203,
      "type": 0.52526,
      "region": 0.521196,
      "created at": 0.523289,
      "updated at": 0.531129
    },
    "ORDER": {
      "order id": 0.517006,
      "user id": 0.534136,
      "attraction id": 0.531311,
      "book date": 0.515036,
      "ticket quantity": 0.523202,
      "remark": 0.524745,
      "order status": 0.524004,
      "created at": 0.525833,
      "updated at": 0.526198
    },
    "COMMENT": {
      "comment id": 0.529576,
      "user id": 0.541202,
      "attraction id": 0.539078,
      "comment content": 0.533758,
      "review status": 0.532493,
      "created at": 0.528697,
      "updated at": 0.528763
    },
    "MESSAGE": {
      "message id": 0.536086,
      "user id": 0.541884,
      "message content": 0.55082,
      "created at": 0.53937,
      "updated at": 0.535594
    },
    "FAVORITE": {
      "user id": 0.540259,
      "attraction id": 0.524616,
      "created at": 0.522773,
      "updated at": 0.525214
    }
  },
  "relationship": [],
  "processing_time": 30.17
}