{
  "filename": "431.txt",
  "entity": {
    "DEPARTMENT": 0.622459,
    "DOCTOR": 0.622459,
    "USER": 0.622459,
    "ADMINISTRATOR": 0.49535,
    "APPOINTMENT": 0.622459,
    "SCHEDULE": 0.492301
  },
  "attribute": {
    "DEPARTMENT": {
      "department id": 0.530421,
      "department name": 0.528214,
      "department introduction": 0.547515
    },
    "DOCTOR": {
      "doctor id": 0.540295,
      "doctor name": 0.540772,
      "department id": 0.545614
    },
    "USER": {
      "user id": 0.511605,
      "username": 0.497749,
      "password hash": 0.504027,
      "contact info": 0.521384
    },
    "ADMINISTRATOR": {
      "admin id": 0.526043,
      "username": 0.517962,
      "password hash": 0.50966
    },
    "SCHEDULE": {
      "schedule id": 0.520833,
      "doctor id": 0.548688,
      "department id": 0.536107,
      "consultation datetime": 0.535743,
      "remaining slots": 0.519599
    },
    "APPOINTMENT": {
      "appointment id": 0.555101,
      "user id": 0.55135,
      "doctor id": 0.557938,
      "schedule id": 0.549586,
      "appointment time": 0.553252,
      "status": 0.558541,
      "registration timestamp": 0.539448,
      "cancellation timestamp": 0.520478
    }
  },
  "relationship": [],
  "processing_time": 22.29
}