{
  "filename": "444.txt",
  "entity": {
    "STUDENT": 0.622459,
    "COURSE": 0.622459,
    "INSTRUCTOR": 0.622459,
    "ATTENDANCE": 0.622459,
    "LEAVE_REQUEST": 0.510948
  },
  "attribute": {
    "STUDENT": {
      "student id": 0.554471,
      "age": 0.543802,
      "phone number": 0.546397,
      "game preference": 0.536927,
      "gender": 0.548586
    },
    "COURSE": {
      "course id": 0.541766,
      "location": 0.543204,
      "credit": 0.537921,
      "instructor id": 0.557311
    },
    "INSTRUCTOR": {
      "instructor id": 0.552951,
      "gender": 0.553023,
      "title": 0.556093,
      "work duration": 0.554684
    },
    "ATTENDANCE": {
      "attendance id": 0.555394,
      "student id": 0.566027,
      "course id": 0.568415,
      "check time": 0.561682,
      "attendance status": 0.562704,
      "class time": 0.563311,
      "remark": 0.554436
    },
    "LEAVE_REQUEST": {
      "leave request id": 0.51125,
      "student id": 0.549184,
      "course id": 0.54805,
      "leave time": 0.523347,
      "class time": 0.54239,
      "leave reason": 0.517561,
      "leave status": 0.525439
    }
  },
  "relationship": [],
  "processing_time": 18.3
}