{
  "filename": "476.txt",
  "entity": {
    "CUSTOMER": 0.622459,
    "SALE_ORDER": 0.525553,
    "ORDER_DETAIL": 0.505275,
    "PRODUCT": 0.514446,
    "RECIPE": 0.47759,
    "RAW_MATERIAL": 0.586933,
    "SUPPLIER": 0.622459,
    "PURCHASE_ORDER": 0.520763,
    "INVENTORY": 0.530637,
    "PRODUCTION_PLANNING": 0.554903,
    "DELIVERY": 0.622459,
    "FINANCIAL_RECORD": 0.511223
  },
  "attribute": {
    "CUSTOMER": {
      "customer id": 0.532794,
      "contact number": 0.526551,
      "address": 0.531424
    },
    "SALE_ORDER": {
      "order id": 0.537403,
      "customer id": 0.542174,
      "expected delivery date": 0.524753,
      "order status": 0.545988
    },
    "ORDER_DETAIL": {
      "order id": 0.54242,
      "product id": 0.541255,
      "quantity": 0.557293
    },
    "PRODUCT": {
      "product id": 0.520583
    },
    "RECIPE": {
      "product id": 0.531572,
      "raw material id": 0.528771,
      "quantity required": 0.539628
    },
    "RAW_MATERIAL": {
      "raw material id": 0.524236
    },
    "SUPPLIER": {
      "supplier id": 0.5428
    },
    "PURCHASE_ORDER": {
      "purchase order id": 0.535486,
      "supplier id": 0.543542,
      "raw material id": 0.540246,
      "order quantity": 0.550971,
      "supply quantity": 0.551538,
      "order status": 0.545996
    },
    "INVENTORY": {
      "inventory id": 0.545638,
      "item type": 0.54907,
      "item id": 0.539453,
      "quantity": 0.55395,
      "status": 0.556959
    },
    "PRODUCTION_PLANNING": {
      "planning id": 0.559374,
      "order id": 0.562569,
      "production sequence": 0.555504,
      "quantity": 0.558207,
      "production status": 0.555234
    },
    "DELIVERY": {
      "delivery id": 0.531229,
      "order id": 0.535935,
      "delivery time": 0.525093,
      "location": 0.530181,
      "status": 0.533102
    },
    "FINANCIAL_RECORD": {
      "record id": 0.520296,
      "transaction type": 0.534271,
      "amount": 0.518789,
      "transaction date": 0.519763,
      "status": 0.526039
    }
  },
  "relationship": [],
  "processing_time": 24.3
}