{
  "filename": "493.txt",
  "entity": {
    "ENTERPRISE": 0.622459,
    "EMPLOYEE": 0.622459,
    "ROLE": 0.622459,
    "ATTENDANCE_RECORD": 0.573269,
    "ITEM": 0.482432
  },
  "attribute": {
    "ENTERPRISE": {
      "enterprise id": 0.548592,
      "creation time": 0.547096
    },
    "EMPLOYEE": {
      "employee id": 0.548973,
      "enterprise id": 0.557705,
      "role id": 0.543406,
      "email": 0.55204,
      "password": 0.549974,
      "identification number": 0.548047,
      "creation time": 0.549735,
      "update time": 0.555899
    },
    "ROLE": {
      "role id": 0.524275,
      "hourly wage": 0.524012,
      "daily work hour": 0.542291,
      "lunchtime": 0.539204
    },
    "ATTENDANCE_RECORD": {
      "attendance record id": 0.538659,
      "employee id": 0.551664,
      "check time": 0.544058,
      "remark": 0.537145,
      "check location": 0.539352
    },
    "ITEM": {
      "item id": 0.520024,
      "employee id": 0.551619,
      "task description": 0.554067,
      "completion status": 0.530653,
      "creation time": 0.53215,
      "update time": 0.532187
    }
  },
  "relationship": [],
  "processing_time": 10.62
}