{
  "filename": "430.txt",
  "entity": {
    "USER": 0.817574,
    "ATTRACTION": 0.817574,
    "ORDER": 0.983008,
    "COMMENT": 0.983008,
    "MESSAGE": 0.731511,
    "FAVORITE": 0.983008
  },
  "attribute": {
    "USER": {
      "username": 0.748569,
      "password": 0.763103,
      "wechat open id": 0.762964,
      "qq number": 0.76482,
      "email": 0.765865,
      "remark": 0.765353,
      "creation time": 0.762214,
      "update time": 0.760847
    },
    "ATTRACTION": {
      "attraction detail": 0.752514,
      "reference price": 0.744201,
      "image": 0.744908,
      "era": 0.748169,
      "type": 0.750471,
      "region": 0.747408,
      "creation time": 0.749911,
      "update time": 0.752786
    },
    "ORDER": {
      "user id": 0.757083,
      "attraction id": 0.75499,
      "book date": 0.742721,
      "ticket quantity": 0.748923,
      "remark": 0.983008,
      "order status": 0.749527,
      "creation time": 0.747446,
      "update time": 0.750465,
      "order_id": 0.983008,
      "user_id": 0.983008,
      "attraction_id": 0.983008,
      "book_date": 0.983008,
      "ticket_quantity": 0.983008,
      "order_status": 0.983008,
      "creation_time": 0.983008,
      "update_time": 0.983008
    },
    "COMMENT": {
      "user id": 0.762273,
      "attraction id": 0.76072,
      "comment content": 0.756804,
      "review status": 0.755868,
      "creation time": 0.761849,
      "update time": 0.758922,
      "comment_id": 0.983008,
      "user_id": 0.983008,
      "attraction_id": 0.983008,
      "comment_content": 0.983008,
      "review_status": 0.983008,
      "creation_time": 0.983008,
      "update_time": 0.983008
    },
    "MESSAGE": {
      "user id": 0.762771,
      "message content": 0.769233,
      "creation time": 0.76402,
      "update time": 0.761817
    },
    "FAVORITE": {
      "user id": 0.761584,
      "attraction id": 0.749987,
      "creation time": 0.745043,
      "update time": 0.75403,
      "favorite_id": 0.983008,
      "user_id": 0.983008,
      "attraction_id": 0.983008,
      "creation_time": 0.983008,
      "update_time": 0.983008
    }
  },
  "relationship": [
    {
      "entity_1": "USER",
      "entity_2": "ORDER",
      "description": "A user can have multiple orders",
      "cardinality": "1:N",
      "associative_entity": null,
      "probability": 0.998747
    },
    {
      "entity_1": "ATTRACTION",
      "entity_2": "ORDER",
      "description": "An attraction can have multiple orders",
      "cardinality": "1:N",
      "associative_entity": null,
      "probability": 0.983008
    },
    {
      "entity_1": "USER",
      "entity_2": "COMMENT",
      "description": "A user can have multiple comments",
      "cardinality": "1:N",
      "associative_entity": null,
      "probability": 0.983008
    },
    {
      "entity_1": "ATTRACTION",
      "entity_2": "COMMENT",
      "description": "An attraction can have multiple comments",
      "cardinality": "1:N",
      "associative_entity": null,
      "probability": 0.983008
    },
    {
      "entity_1": "USER",
      "entity_2": "MESSAGE",
      "description": "A user can have multiple messages",
      "cardinality": "1:N",
      "associative_entity": null,
      "probability": 0.999393
    },
    {
      "entity_1": "USER",
      "entity_2": "FAVORITE",
      "description": "A user can have multiple favorites",
      "cardinality": "1:N",
      "associative_entity": null,
      "probability": 0.983008
    },
    {
      "entity_1": "ATTRACTION",
      "entity_2": "FAVORITE",
      "description": "An attraction can have multiple favorites",
      "cardinality": "1:N",
      "associative_entity": null,
      "probability": 0.983008
    }
  ],
  "processing_time": 40.61
}