{
  "filename": "321.txt",
  "entity": {
    "USER": 0.622459,
    "PROFILE": 0.510498,
    "FRIENDSHIP": 0.509899,
    "INTEREST": 0.487353,
    "USER_INTEREST": 0.509399,
    "TEAM": 0.622459,
    "TEAM_MEMBER": 0.536684,
    "CLUB": 0.515345,
    "ORGANIZER": 0.499875,
    "SPONSOR": 0.483631,
    "CONTACT_INFO": 0.493,
    "EVENT": 0.622459,
    "EVENT_PARTICIPANT": 0.545449,
    "EVENT_SPONSOR": 0.531782,
    "MATCH": 0.622459,
    "MATCH_PARTICIPANT": 0.535764,
    "MEMBERSHIP": 0.622459,
    "DISCOUNT": 0.476891,
    "MARKETING_CAMPAIGN": 0.450661
  },
  "attribute": {
    "USER": {
      "user_id": 0.512973,
      "username": 0.511807,
      "email": 0.522029,
      "password_hash": 0.508784,
      "created_at": 0.507209,
      "last_login": 0.50352
    },
    "PROFILE": {
      "profile_id": 0.512646,
      "user_id": 0.514396,
      "full_name": 0.519128,
      "date_of_birth": 0.51212,
      "gender": 0.531054,
      "city": 0.527101,
      "country": 0.521219,
      "bio": 0.526651,
      "profile_picture_url": 0.516432
    },
    "FRIENDSHIP": {
      "friendship_id": 0.520403,
      "user_id": 0.524438,
      "friend_user_id": 0.520443,
      "status": 0.53307,
      "created_at": 0.521231
    },
    "INTEREST": {
      "interest_id": 0.513359,
      "interest_name": 0.517664
    },
    "USER_INTEREST": {
      "user_id": 0.530062,
      "interest_id": 0.527191,
      "level": 0.545295
    },
    "TEAM": {
      "team_id": 0.53656,
      "team_name": 0.539557,
      "founded_date": 0.534269,
      "home_stadium": 0.54138,
      "club_id": 0.544159,
      "team_logo_url": 0.536729
    },
    "TEAM_MEMBER": {
      "team_id": 0.53582,
      "user_id": 0.530789,
      "joined_at": 0.532618,
      "role": 0.535983,
      "is_captain": 0.531624
    },
    "CLUB": {
      "club_id": 0.535183,
      "club_name": 0.54092,
      "headquarters_city": 0.534553,
      "headquarters_country": 0.529579,
      "established_year": 0.542421,
      "club_logo_url": 0.537105
    },
    "ORGANIZER": {
      "organizer_id": 0.516942,
      "organizer_name": 0.520794,
      "contact_info_id": 0.520466
    },
    "SPONSOR": {
      "sponsor_id": 0.521445,
      "sponsor_name": 0.525391,
      "contact_info_id": 0.523591,
      "sponsorship_level": 0.52797
    },
    "CONTACT_INFO": {
      "contact_info_id": 0.515545,
      "contact_email": 0.516272,
      "contact_phone": 0.513921,
      "address": 0.509508
    },
    "EVENT": {
      "event_id": 0.518712,
      "event_name": 0.519843,
      "event_type": 0.525491,
      "start_datetime": 0.509928,
      "end_datetime": 0.50572,
      "venue": 0.535119,
      "organizer_id": 0.527779,
      "description": 0.532382
    },
    "EVENT_PARTICIPANT": {
      "event_id": 0.526405,
      "team_id": 0.540243,
      "participation_role": 0.541616,
      "registered_at": 0.52347
    },
    "EVENT_SPONSOR": {
      "event_id": 0.526925,
      "sponsor_id": 0.527804,
      "sponsorship_amount": 0.524559,
      "contract_start": 0.523875,
      "contract_end": 0.517657
    },
    "MATCH": {
      "match_id": 0.520743,
      "match_date": 0.516297,
      "venue": 0.535543,
      "match_status": 0.528927,
      "home_team_id": 0.537655,
      "away_team_id": 0.533942,
      "home_score": 0.524355,
      "away_score": 0.519026,
      "timeline_json": 0.525874
    },
    "MATCH_PARTICIPANT": {
      "match_id": 0.528165,
      "team_id": 0.541925,
      "goals_scored": 0.539618,
      "yellow_cards": 0.5258,
      "red_cards": 0.521966
    },
    "MEMBERSHIP": {
      "membership_id": 0.519701,
      "user_id": 0.520194,
      "membership_type": 0.530378,
      "start_date": 0.516862,
      "end_date": 0.513757,
      "is_active": 0.522941,
      "discount_rate": 0.519271
    },
    "DISCOUNT": {
      "discount_id": 0.499093,
      "membership_type": 0.521528,
      "percentage": 0.503818,
      "valid_from": 0.500017,
      "valid_to": 0.502315
    },
    "MARKETING_CAMPAIGN": {
      "campaign_id": 0.516509,
      "campaign_name": 0.521523,
      "start_date": 0.512427,
      "end_date": 0.50671,
      "target_audience": 0.530776,
      "budget": 0.515247,
      "organizer_id": 0.531252
    }
  },
  "relationship": [
    {
      "entity_1": "USER",
      "entity_2": "PROFILE",
      "cardinality": "1:1",
      "description": "Each user has exactly one profile",
      "probability": 0.999145
    },
    {
      "entity_1": "USER",
      "entity_2": "FRIENDSHIP",
      "cardinality": "1:N",
      "description": "A user can have many friendship rows (both sent and received)",
      "probability": 0.807672
    },
    {
      "entity_1": "USER",
      "entity_2": "USER_INTEREST",
      "cardinality": "1:N",
      "description": "A user can have multiple interest entries",
      "probability": 0.99387
    },
    {
      "entity_1": "INTEREST",
      "entity_2": "USER_INTEREST",
      "cardinality": "1:N",
      "description": "An interest can be linked to many users",
      "probability": 0.999898
    },
    {
      "entity_1": "USER",
      "entity_2": "TEAM_MEMBER",
      "cardinality": "1:N",
      "description": "A user can be member of many teams",
      "probability": 0.953334
    },
    {
      "entity_1": "TEAM",
      "entity_2": "TEAM_MEMBER",
      "cardinality": "1:N",
      "description": "A team has many members",
      "probability": 0.999686
    },
    {
      "entity_1": "TEAM",
      "entity_2": "CLUB",
      "cardinality": "N:1",
      "description": "Multiple teams belong to a single club",
      "probability": 0.712717
    },
    {
      "entity_1": "ORGANIZER",
      "entity_2": "CONTACT_INFO",
      "cardinality": "1:1",
      "description": "Organizer references a reusable contact information record",
      "probability": 0.004046
    },
    {
      "entity_1": "SPONSOR",
      "entity_2": "CONTACT_INFO",
      "cardinality": "1:1",
      "description": "Sponsor references a reusable contact information record",
      "probability": 0.939398
    },
    {
      "entity_1": "EVENT",
      "entity_2": "ORGANIZER",
      "cardinality": "N:1",
      "description": "An organizer can create many events",
      "probability": 0.478376
    },
    {
      "entity_1": "EVENT",
      "entity_2": "EVENT_PARTICIPANT",
      "cardinality": "1:N",
      "description": "An event can have many participating teams",
      "probability": 0.819281
    },
    {
      "entity_1": "TEAM",
      "entity_2": "EVENT_PARTICIPANT",
      "cardinality": "1:N",
      "description": "A team can participate in many events",
      "probability": 0.028268
    },
    {
      "entity_1": "EVENT",
      "entity_2": "EVENT_SPONSOR",
      "cardinality": "1:N",
      "description": "An event can have multiple sponsor contracts",
      "probability": 0.987821
    },
    {
      "entity_1": "SPONSOR",
      "entity_2": "EVENT_SPONSOR",
      "cardinality": "1:N",
      "description": "A sponsor can support multiple events",
      "probability": 0.997736
    },
    {
      "entity_1": "MATCH",
      "entity_2": "MATCH_PARTICIPANT",
      "cardinality": "1:N",
      "description": "Each match records participation details for each team",
      "probability": 0.998171
    },
    {
      "entity_1": "TEAM",
      "entity_2": "MATCH_PARTICIPANT",
      "cardinality": "1:N",
      "description": "A team can appear in many match participation rows",
      "probability": 0.108926
    },
    {
      "entity_1": "USER",
      "entity_2": "MEMBERSHIP",
      "cardinality": "1:1",
      "description": "Each user holds a single membership record",
      "probability": 0.997827
    },
    {
      "entity_1": "MEMBERSHIP",
      "entity_2": "DISCOUNT",
      "cardinality": "N:1",
      "description": "Membership types reference a discount definition",
      "probability": 0.423401
    },
    {
      "entity_1": "ORGANIZER",
      "entity_2": "MARKETING_CAMPAIGN",
      "cardinality": "1:N",