{
  "filename": "333.txt",
  "entity": {
    "USER": 0.622459,
    "USER_TYPE": 0.513497,
    "ADMIN_PRIVILEGE": 0.482108,
    "USER_TYPE_PRIVILEGE": 0.471082,
    "PROFILE": 0.510498,
    "CONNECTION_REQUEST": 0.529242,
    "FRIENDSHIP": 0.484205,
    "HOMEPAGE": 0.622459,
    "HOMEPAGE_MEMBER": 0.528768,
    "POST": 0.477914,
    "LOGIN_SESSION": 0.437774,
    "NOTIFICATION": 0.4518,
    "ASSOC_USER_TYPE_ADMIN_PRIVILEGE": 0.978558,
    "ASSOC_USER_FRIENDSHIP": 0.873244
  },
  "attribute": {
    "USER": {
      "user_id": 0.531203,
      "username": 0.528581,
      "password_hash": 0.516027,
      "email": 0.534238,
      "registration_timestamp": 0.527227,
      "type_id": 0.529754
    },
    "USER_TYPE": {
      "type_id": 0.526094,
      "type_name": 0.531424
    },
    "ADMIN_PRIVILEGE": {
      "privilege_id": 0.510879,
      "privilege_name": 0.511377,
      "description": 0.524803
    },
    "USER_TYPE_PRIVILEGE": {
      "id": 0.523962,
      "type_id": 0.52028,
      "privilege_id": 0.518565
    },
    "PROFILE": {
      "profile_id": 0.526809,
      "user_id": 0.53281,
      "phone": 0.537875,
      "address": 0.536308,
      "birthday": 0.521832,
      "gender": 0.535052,
      "relationship_status": 0.52872,
      "interests": 0.540418,
      "motto": 0.522661,
      "hometown": 0.529833,
      "current_location": 0.520262,
      "profile_picture": 0.515749
    },
    "CONNECTION_REQUEST": {
      "request_id": 0.522195,
      "sender_id": 0.519285,
      "receiver_id": 0.522688,
      "request_time": 0.525346,
      "status": 0.525509
    },
    "FRIENDSHIP": {
      "friendship_id": 0.526096,
      "user1_id": 0.53763,
      "user2_id": 0.535791,
      "connection_time": 0.537227
    },
    "HOMEPAGE": {
      "homepage_id": 0.535044,
      "owner_id": 0.537384,
      "title": 0.53514,
      "introduction": 0.552207,
      "creation_time": 0.539386
    },
    "HOMEPAGE_MEMBER": {
      "membership_id": 0.534844,
      "homepage_id": 0.539937,
      "user_id": 0.543947,
      "join_time": 0.548796,
      "role": 0.54562
    },
    "POST": {
      "post_id": 0.512728,
      "homepage_id": 0.534653,
      "author_id": 0.519698,
      "content": 0.52497,
      "posting_time": 0.524449,
      "edit_timestamp": 0.50061
    },
    "LOGIN_SESSION": {
      "session_id": 0.518444,
      "user_id": 0.526959,
      "login_time": 0.523514,
      "logout_time": 0.515678,
      "ip_address": 0.521639
    },
    "NOTIFICATION": {
      "notification_id": 0.506569,
      "user_id": 0.525386,
      "type": 0.523029,
      "content": 0.525494,
      "created_time": 0.516795,
      "is_read": 0.503533
    },
    "ASSOC_USER_TYPE_ADMIN_PRIVILEGE": {
      "assoc_user_type_admin_privilege_id": 0.978558,
      "user_type_id": 0.978558,
      "admin_privilege_id": 0.978558
    },
    "ASSOC_USER_FRIENDSHIP": {
      "assoc_user_friendship_id": 0.873244,
      "user_id": 0.873244,
      "friendship_id": 0.873244
    }
  },
  "relationship": [
    {
      "entity_1": "USER",
      "entity_2": "USER_TYPE",
      "cardinality": "N:1",
      "description": "Each user is assigned one type (regular or administrator).",
      "probability": 0.999878
    },
    {
      "entity_1": "USER_TYPE",
      "entity_2": "ASSOC_USER_TYPE_ADMIN_PRIVILEGE",
      "description": "One USER_TYPE can be associated with many ASSOC_USER_TYPE_ADMIN_PRIVILEGE.",
      "cardinality": "1:N",
      "associative_entity": null,
      "probability": 0.978558
    },
    {
      "entity_1": "ADMIN_PRIVILEGE",
      "entity_2": "ASSOC_USER_TYPE_ADMIN_PRIVILEGE",
      "description": "One ADMIN_PRIVILEGE can be associated with many ASSOC_USER_TYPE_ADMIN_PRIVILEGE.",
      "cardinality": "1:N",
      "associative_entity": null,
      "probability": 0.978558
    },
    {
      "entity_1": "USER_TYPE",
      "entity_2": "USER_TYPE_PRIVILEGE",
      "cardinality": "1:N",
      "description": "Link table that associates user types with privileges.",
      "probability": 0.997212
    },
    {
      "entity_1": "ADMIN_PRIVILEGE",
      "entity_2": "USER_TYPE_PRIVILEGE",
      "cardinality": "1:N",
      "description": "Link table that associates privileges with user types.",
      "probability": 0.998652
    },
    {
      "entity_1": "USER",
      "entity_2": "PROFILE",
      "cardinality": "1:1",
      "description": "A user has exactly one personal profile.",
      "probability": 0.999209
    },
    {
      "entity_1": "USER",
      "entity_2": "CONNECTION_REQUEST",
      "cardinality": "1:N",
      "description": "A user can send many connection requests.",
      "probability": 0.951748
    },
    {
      "entity_1": "CONNECTION_REQUEST",
      "entity_2": "FRIENDSHIP",
      "cardinality": "1:1",
      "description": "An accepted request creates a friendship record.",
      "probability": 0.067557
    },
    {
      "entity_1": "USER",
      "entity_2": "ASSOC_USER_FRIENDSHIP",
      "description": "One USER can be associated with many ASSOC_USER_FRIENDSHIP.",
      "cardinality": "1:N",
      "associative_entity": null,
      "probability": 0.873244
    },
    {
      "entity_1": "FRIENDSHIP",
      "entity_2": "ASSOC_USER_FRIENDSHIP",
      "description": "One FRIENDSHIP can be associated with many ASSOC_USER_FRIENDSHIP.",
      "cardinality": "1:N",
      "associative_entity": null,
      "probability": 0.873244
    },
    {
      "entity_1": "USER",
      "entity_2": "HOMEPAGE",
      "cardinality": "1:N",
      "description": "A user can own multiple homepages.",
      "probability": 0.997996
    },
    {
      "entity_1": "USER",
      "entity_2": "HOMEPAGE_MEMBER",
      "cardinality": "1:N",
      "description": "A user can have many homepage memberships.",
      "probability": 0.998113
    },
    {
      "entity_1": "HOMEPAGE",
      "entity_2": "HOMEPAGE_MEMBER",
      "cardinality": "1:N",
      "description": "A homepage can have many members.",
      "probability": 0.981711
    },
    {
      "entity_1": "USER",
      "entity_2": "POST",
      "cardinality": "1:N",
      "description": "A user can author many posts.",
      "probability": 0.862535
    },
    {
      "entity_1": "POST",
      "entity_2": "HOMEPAGE",
      "cardinality": "N:1",
      "description": "Each post belongs to a single homepage.",
      "probability": 0.979884
    },
    {
      "entity_1": "USER",
      "entity_2": "LOGIN_SESSION",
      "cardinality": "1:N",
      "description": "A user can have multiple login sessions over time.",
      "probability": 0.782272
    },
    {
      "entity_1": "USER",
      "entity_2": "NOTIFICATION",
      "cardinality": "1:N",
      "description": "System generates notifications for a user (e.g., new friend request, homepage join).",
      "probability": 0.995668
    }
  ],
  "processing_time": 59.1,
  "metadata": {
    "best_candidate": "candidate_2",
    "improvements_made": "Integrated admin privilege management via ADMIN_PRIVILEGE and USER_TYPE_PRIVILEGE tables; added PROFILE_PICTURE to PROFILE; ensured USER.username and USER.email are unique; defined composite unique key on (user1_id, user2_id) in FRIENDSHIP to prevent duplicates; introduced NOTIFICATION entity for system alerts; clarified cascade‑delete expectations in relationship descriptions; retained all original strengths while adding missing temporal attributes and fine‑grained role handling."
  }
}