{
  "filename": "338.txt",
  "entity": {
    "SCHOOL": 0.622459,
    "COLLEGE": 0.622459,
    "STUDENT": 0.622459,
    "TEACHER": 0.622459,
    "COURSE": 0.622459,
    "ENROLLMENT": 0.622459,
    "TEACHING": 0.574051,
    "CLASSROOM": 0.552382,
    "ASSOC_COLLEGE_COURSE": 0.002717
  },
  "attribute": {
    "SCHOOL": {
      "school_id": 0.541314,
      "name": 0.531511,
      "address": 0.544518
    },
    "COLLEGE": {
      "college_id": 0.553619,
      "name": 0.550628,
      "location": 0.549038,
      "total_staff": 0.563334,
      "total_students": 0.561385
    },
    "STUDENT": {
      "student_id": 0.549327,
      "first_name": 0.546321,
      "last_name": 0.550717,
      "gender": 0.542827,
      "birth_date": 0.548094,
      "age": 0.541161,
      "telephone": 0.542612,
      "email": 0.541351,
      "registration_time": 0.550198,
      "status": 0.547857,
      "college_id": 0.557969
    },
    "TEACHER": {
      "teacher_id": 0.541145,
      "first_name": 0.53704,
      "last_name": 0.541041,
      "gender": 0.5326,
      "age": 0.53257,
      "email": 0.534792,
      "phone": 0.528802,
      "title": 0.536102,
      "status": 0.539217,
      "college_id": 0.560408
    },
    "COURSE": {
      "course_id": 0.545895,
      "title": 0.539149,
      "credit": 0.535453,
      "summary": 0.542388,
      "class_hour": 0.54952,
      "status": 0.541198
    },
    "ENROLLMENT": {
      "enrollment_id": 0.546337,
      "student_id": 0.554873,
      "course_id": 0.560611,
      "enrollment_time": 0.541505,
      "grade": 0.548943
    },
    "TEACHING": {
      "teaching_id": 0.543427,
      "teacher_id": 0.5447,
      "course_id": 0.552988,
      "classroom_id": 0.548553,
      "semester": 0.547155,
      "year": 0.5386,
      "schedule": 0.541122
    },
    "CLASSROOM": {
      "classroom_id": 0.548551,
      "building": 0.530027,
      "room_number": 0.549954,
      "capacity": 0.547805
    },
    "ASSOC_COLLEGE_COURSE": {
      "assoc_college_course_id": 0.002717,
      "college_id": 0.002717,
      "course_id": 0.002717
    }
  },
  "relationship": [
    {
      "entity_1": "SCHOOL",
      "entity_2": "COLLEGE",
      "cardinality": "1:N",
      "description": "A school oversees many colleges",
      "probability": 0.532776
    },
    {
      "entity_1": "COLLEGE",
      "entity_2": "STUDENT",
      "cardinality": "1:N",
      "description": "Each college registers many students",
      "probability": 0.052103
    },
    {
      "entity_1": "COLLEGE",
      "entity_2": "TEACHER",
      "cardinality": "1:N",
      "description": "Each college employs many teachers",
      "probability": 0.994634
    },
    {
      "entity_1": "COLLEGE",
      "entity_2": "ASSOC_COLLEGE_COURSE",
      "description": "One COLLEGE can be associated with many ASSOC_COLLEGE_COURSE.",
      "cardinality": "1:N",
      "associative_entity": null,
      "probability": 0.002717
    },
    {
      "entity_1": "COURSE",
      "entity_2": "ASSOC_COLLEGE_COURSE",
      "description": "One COURSE can be associated with many ASSOC_COLLEGE_COURSE.",
      "cardinality": "1:N",
      "associative_entity": null,
      "probability": 0.002717
    },
    {
      "entity_1": "TEACHER",
      "entity_2": "TEACHING",
      "cardinality": "1:N",
      "description": "A teacher can have many teaching assignments (sections)",
      "probability": 0.995859
    },
    {
      "entity_1": "COURSE",
      "entity_2": "TEACHING",
      "cardinality": "1:N",
      "description": "A course can be taught in many sections/semesters",
      "probability": 0.999418
    },
    {
      "entity_1": "CLASSROOM",
      "entity_2": "TEACHING",
      "cardinality": "1:N",
      "description": "A classroom can host many teaching assignments (different sections over time)",
      "probability": 0.697926
    },
    {
      "entity_1": "STUDENT",
      "entity_2": "ENROLLMENT",
      "cardinality": "1:N",
      "description": "A student can have many enrollment records",
      "probability": 0.999941
    },
    {
      "entity_1": "COURSE",
      "entity_2": "ENROLLMENT",
      "cardinality": "1:N",
      "description": "A course can have many students enrolled",
      "probability": 0.226952
    }
  ],
  "processing_time": 35.88,
  "metadata": {
    "best_candidate": "candidate_2",
    "improvements_made": "Implemented the suggested refinements: changed the Course‑Classroom relationship to a many‑to‑many teaching assignment by adding CLASSROOM foreign key and a schedule attribute to the TEACHING entity; introduced N:M relationship between COLLEGE and COURSE to support cross‑college offerings; split contact information into atomic fields (email, phone) for both STUDENT and TEACHER; added a status attribute to STUDENT, TEACHER, and COURSE for lifecycle management; retained all original entities and core attributes while enhancing completeness, accuracy, and flexibility."
  }
}