{
  "filename": "439.txt",
  "entity": {
    "USER": 0.622459,
    "MERCHANT": 0.622459,
    "RECYCLING_REQUEST": 0.47537,
    "ORDER": 0.622459,
    "ORDER_ITEM": 0.523807,
    "PAYMENT": 0.622459,
    "RATING": 0.622459,
    "ADMIN": 0.49765,
    "ITEM_CATALOG": 0.428665,
    "ORDER_STATUS_LOG": 0.474447
  },
  "attribute": {
    "USER": {
      "userid": 0.528437,
      "name": 0.520723,
      "phone": 0.528239,
      "wechat_id": 0.522177,
      "email": 0.528671,
      "password_hash": 0.519762,
      "registration_date": 0.518663
    },
    "MERCHANT": {
      "merchantid": 0.546144,
      "name": 0.540712,
      "phone": 0.548241,
      "address": 0.545686,
      "business_license": 0.539742,
      "registration_date": 0.537427
    },
    "RECYCLING_REQUEST": {
      "requestid": 0.551512,
      "user_id": 0.547116,
      "request_time": 0.542097,
      "status": 0.559166,
      "scheduled_time": 0.539308,
      "location": 0.551944,
      "notes": 0.560778
    },
    "ORDER": {
      "orderid": 0.526306,
      "request_id": 0.524077,
      "merchant_id": 0.540416,
      "acceptance_time": 0.525226,
      "fulfillment_time": 0.53283,
      "total_amount": 0.526145,
      "payment_status": 0.535206
    },
    "ORDER_ITEM": {
      "order_item_id": 0.521898,
      "order_id": 0.522595,
      "item_type": 0.527959,
      "quantity": 0.53832,
      "unit_price": 0.521602
    },
    "PAYMENT": {
      "payment_id": 0.529846,
      "order_id": 0.530022,
      "amount": 0.531105,
      "method": 0.545695,
      "payment_time": 0.528115,
      "transaction_id": 0.53045,
      "audited_by_admin_id": 0.52645
    },
    "RATING": {
      "rating_id": 0.512248,
      "order_id": 0.514683,
      "user_id": 0.519787,
      "score": 0.50625,
      "comment": 0.515636,
      "rating_time": 0.51366,
      "reviewed_by_admin_id": 0.511336
    },
    "ADMIN": {
      "admin_id": 0.512013,
      "name": 0.524942,
      "email": 0.524108,
      "role": 0.528458,
      "last_login": 0.517635
    },
    "ITEM_CATALOG": {
      "item_type_id": 0.515034,
      "description": 0.53814,
      "recyclable_category": 0.529745,
      "base_price": 0.512098
    },
    "ORDER_STATUS_LOG": {
      "log_id": 0.526651,
      "order_id": 0.524011,
      "status": 0.53306,
      "changed_at": 0.519513,
      "admin_id": 0.526591
    }
  },
  "relationship": [
    {
      "entity_1": "USER",
      "entity_2": "RECYCLING_REQUEST",
      "cardinality": "1:N",
      "description": "A user can submit multiple recycling requests",
      "probability": 0.98415
    },
    {
      "entity_1": "RECYCLING_REQUEST",
      "entity_2": "ORDER",
      "cardinality": "1:0..1",
      "description": "Each request may generate a single order after merchant acceptance",
      "probability": 0.000348
    },
    {
      "entity_1": "MERCHANT",
      "entity_2": "ORDER",
      "cardinality": "1:N",
      "description": "A merchant can fulfill many orders",
      "probability": 0.023529
    },
    {
      "entity_1": "ORDER",
      "entity_2": "ORDER_ITEM",
      "cardinality": "1:N",
      "description": "An order consists of one or more ordered items",
      "probability": 0.999947
    },
    {
      "entity_1": "ORDER_ITEM",
      "entity_2": "ITEM_CATALOG",
      "cardinality": "N:1",
      "description": "Each ordered item references a catalog entry for type and pricing",
      "probability": 0.083246
    },
    {
      "entity_1": "ORDER",
      "entity_2": "PAYMENT",
      "cardinality": "1:1",
      "description": "Every order has exactly one payment record",
      "probability": 0.871465
    },
    {
      "entity_1": "ORDER",
      "entity_2": "RATING",
      "cardinality": "1:0..1",
      "description": "An order may receive a rating after completion",
      "probability": 0.562134
    },
    {
      "entity_1": "ADMIN",
      "entity_2": "USER",
      "cardinality": "1:N",
      "description": "Admins can manage many users",
      "probability": 0.629329
    },
    {
      "entity_1": "ADMIN",
      "entity_2": "MERCHANT",
      "cardinality": "1:N",
      "description": "Admins can manage many merchants",
      "probability": 3e-05
    },
    {
      "entity_1": "ADMIN",
      "entity_2": "PAYMENT",
      "cardinality": "1:N",
      "description": "Admins can audit many payment records",
      "probability": 0.00239
    },
    {
      "entity_1": "ADMIN",
      "entity_2": "RATING",
      "cardinality": "1:N",
      "description": "Admins can review many ratings",
      "probability": 0.002265
    },
    {
      "entity_1": "ORDER",
      "entity_2": "ORDER_STATUS_LOG",
      "cardinality": "1:N",
      "description": "An order can have multiple status log entries",
      "probability": 0.091026
    },
    {
      "entity_1": "ADMIN",
      "entity_2": "ORDER_STATUS_LOG",
      "cardinality": "1:N",
      "description": "Admins record status changes for orders",
      "probability": 5.4e-05
    },
    {
      "entity_1": "ADMIN",
      "entity_2": "ITEM_CATALOG",
      "cardinality": "1:N",
      "description": "Admins manage the item catalog",
      "probability": 6.3e-05
    }
  ],
  "processing_time": 15.16,
  "metadata": {
    "best_candidate": "candidate_2",
    "improvements_made": "Added ADMIN audit relationships to PAYMENT and RATING, introduced ORDER_STATUS_LOG entity for detailed order state tracking, linked ADMIN to ORDER_STATUS_LOG for audit entries, added ADMIN management of ITEM_CATALOG, included audit foreign keys in PAYMENT and RATING, and ensured enumerated status fields are represented. These changes address the evaluation suggestions while preserving the comprehensive, normalized structure of the original high‑scoring model."
  }
}