{
  "filename": "442.txt",
  "entity": {
    "MEDICAL_INSTITUTION": 0.611614,
    "DEPARTMENT": 0.622459,
    "PERSONNEL": 0.517318,
    "VEHICLE": 0.622459,
    "WASTE_TYPE": 0.542175,
    "WASTE_ITEM": 0.543515,
    "INBOUND_BATCH": 0.492176,
    "OUTBOUND_BATCH": 0.520214,
    "INBOUND_BATCH_ITEM": 0.459886,
    "OUTBOUND_BATCH_ITEM": 0.486104
  },
  "attribute": {
    "MEDICAL_INSTITUTION": {
      "institution_id": 0.533313,
      "name": 0.526831,
      "address": 0.529139,
      "contact_info": 0.531349
    },
    "DEPARTMENT": {
      "department_id": 0.524017,
      "institution_id": 0.524565,
      "name": 0.527126,
      "description": 0.538339
    },
    "PERSONNEL": {
      "personnel_id": 0.541434,
      "institution_id": 0.540423,
      "department_id": 0.537697,
      "name": 0.536212,
      "role": 0.535417,
      "contact_info": 0.539087
    },
    "VEHICLE": {
      "vehicle_id": 0.528579,
      "institution_id": 0.541319,
      "license_plate": 0.528263,
      "model": 0.532255,
      "capacity": 0.541832
    },
    "WASTE_TYPE": {
      "type_id": 0.536123,
      "name": 0.545334,
      "description": 0.55418
    },
    "WASTE_ITEM": {
      "waste_id": 0.544829,
      "traceability_code": 0.54039,
      "type_id": 0.535509,
      "weight": 0.542817,
      "generation_time": 0.537141,
      "collection_time": 0.530997,
      "status": 0.553188,
      "department_id": 0.553409,
      "inbound_batch_id": 0.543637,
      "outbound_batch_id": 0.54371
    },
    "INBOUND_BATCH": {
      "inbound_batch_id": 0.525788,
      "batch_number": 0.524099,
      "expected_quantity": 0.533853,
      "actual_quantity": 0.532897,
      "expected_weight": 0.533242,
      "actual_weight": 0.532666,
      "inbound_time": 0.520745,
      "collector_id": 0.538968,
      "confirmer_id": 0.523562
    },
    "OUTBOUND_BATCH": {
      "outbound_batch_id": 0.526888,
      "batch_number": 0.524655,
      "outbound_quantity": 0.537281,
      "outbound_weight": 0.536864,
      "outbound_time": 0.522088,
      "transporter_id": 0.53827,
      "confirmer_id": 0.524919,
      "vehicle_id": 0.541857,
      "start_time": 0.518631,
      "end_time": 0.524654
    },
    "INBOUND_BATCH_ITEM": {
      "inbound_batch_id": 0.528011,
      "waste_id": 0.549371,
      "quantity": 0.540607,
      "weight": 0.542424
    },
    "OUTBOUND_BATCH_ITEM": {
      "outbound_batch_id": 0.529236,
      "waste_id": 0.549302,
      "quantity": 0.541484,
      "weight": 0.543082
    }
  },
  "relationship": [
    {
      "entity_1": "DEPARTMENT",
      "entity_2": "MEDICAL_INSTITUTION",
      "cardinality": "N:1",
      "description": "Each department belongs to one medical institution",
      "probability": 0.509295
    },
    {
      "entity_1": "PERSONNEL",
      "entity_2": "MEDICAL_INSTITUTION",
      "cardinality": "N:1",
      "description": "Personnel are employed by a single medical institution",
      "probability": 0.9971
    },
    {
      "entity_1": "PERSONNEL",
      "entity_2": "DEPARTMENT",
      "cardinality": "N:1",
      "description": "Personnel may be assigned to a specific department",
      "probability": 0.972463
    },
    {
      "entity_1": "VEHICLE",
      "entity_2": "MEDICAL_INSTITUTION",
      "cardinality": "N:1",
      "description": "Vehicles are owned by one medical institution",
      "probability": 0.124099
    },
    {
      "entity_1": "WASTE_ITEM",
      "entity_2": "DEPARTMENT",
      "cardinality": "N:1",
      "description": "Waste items are generated by a department",
      "probability": 0.034672
    },
    {
      "entity_1": "WASTE_ITEM",
      "entity_2": "WASTE_TYPE",
      "cardinality": "N:1",
      "description": "Each waste item has a defined waste type",
      "probability": 0.951422
    },
    {
      "entity_1": "INBOUND_BATCH",
      "entity_2": "PERSONNEL",
      "cardinality": "N:1",
      "description": "Collector (collector_id) is a personnel record",
      "probability": 0.98387
    },
    {
      "entity_1": "INBOUND_BATCH",
      "entity_2": "PERSONNEL",
      "cardinality": "N:1",
      "description": "Confirmer (confirmer_id) is a personnel record",
      "probability": 0.98387
    },
    {
      "entity_1": "OUTBOUND_BATCH",
      "entity_2": "PERSONNEL",
      "cardinality": "N:1",
      "description": "Transporter (transporter_id) is a personnel record",
      "probability": 0.990166
    },
    {
      "entity_1": "OUTBOUND_BATCH",
      "entity_2": "PERSONNEL",
      "cardinality": "N:1",
      "description": "Confirmer (confirmer_id) is a personnel record",
      "probability": 0.990166
    },
    {
      "entity_1": "OUTBOUND_BATCH",
      "entity_2": "VEHICLE",
      "cardinality": "N:1",
      "description": "Each outbound batch uses one vehicle",
      "probability": 0.988523
    },
    {
      "entity_1": "INBOUND_BATCH",
      "entity_2": "INBOUND_BATCH_ITEM",
      "cardinality": "1:N",
      "description": "An inbound batch groups multiple waste items",
      "probability": 0.999914
    },
    {
      "entity_1": "INBOUND_BATCH_ITEM",
      "entity_2": "WASTE_ITEM",
      "cardinality": "N:1",
      "description": "Each inbound batch item references a waste item",
      "probability": 0.004008
    },
    {
      "entity_1": "OUTBOUND_BATCH",
      "entity_2": "OUTBOUND_BATCH_ITEM",
      "cardinality": "1:N",
      "description": "An outbound batch groups multiple waste items for transport",
      "probability": 0.999897
    },
    {
      "entity_1": "OUTBOUND_BATCH_ITEM",
      "entity_2": "WASTE_ITEM",
      "cardinality": "N:1",
      "description": "Each outbound batch item references a waste item",
      "probability": 0.055509
    }
  ],
  "processing_time": 23.37,
  "metadata": {
    "best_candidate": "candidate_1",
    "improvements_made": "Added WASTE_TYPE entity for standardized classification; introduced INBOUND_BATCH_ITEM and OUTBOUND_BATCH_ITEM associative entities to allow batches to contain multiple waste items; linked waste items to batches via optional foreign keys; added department_id to PERSONNEL for clearer assignment; refined role handling in PERSONNEL; clarified relationships for collectors, confirmers, transporters, and vehicles; ensured traceability_code uniqueness and status tracking; improved cardinalities to reflect real-world many‑to‑many batch‑item relationships while keeping the model normalized and extensible."
  }
}