{
    "w_text": 0.673233116826136,
    "w_dep": 1.540156386804956,
    "w_type": 0.34356260080702616,
    "bias": -1.3771565618564334
}