{
  "filename": "252.txt",
  "entity": {
    "PLAYER": 0.817574,
    "GAME": 0.817574,
    "RULE": 0.710703,
    "SINGLE_PLAYER_GAME": 0.770741,
    "PLAYER_COMMUNICATION": 0.754211,
    "PLAYER_BATTLE_GAME": 0.766061,
    "GAME_STATUS": 0.735479
  },
  "attribute": {
    "PLAYER": {
      "player id": 0.760712,
      "username": 0.755077,
      "password": 0.760324,
      "phone number": 0.748698,
      "registration time": 0.757419
    },
    "GAME": {
      "game id": 0.76009,
      "rule id": 0.763285,
      "content": 0.762264,
      "max players": 0.772888
    },
    "RULE": {
      "rule id": 0.75124,
      "description": 0.759745
    },
    "SINGLE_PLAYER_GAME": {
      "single player game id": 0.77162,
      "player id": 0.76881,
      "game id": 0.770716,
      "start time": 0.764302,
      "end time": 0.766407,
      "status id": 0.770951
    },
    "PLAYER_COMMUNICATION": {
      "communication id": 0.766847,
      "player id": 0.765384,
      "second player id": 0.769827,
      "start time": 0.764184,
      "end time": 0.766684,
      "content": 0.768579
    },
    "PLAYER_BATTLE_GAME": {
      "battle id": 0.768827,
      "player id": 0.768127,
      "second player id": 0.771371,
      "game id": 0.770434,
      "start time": 0.765336,
      "end time": 0.765087,
      "result": 0.769337
    },
    "GAME_STATUS": {
      "status id": 0.760078,
      "status name": 0.758994
    }
  },
  "relationship": [],
  "processing_time": 24.5
}