{
  "filename": "253.txt",
  "entity": {
    "USER": 0.817574,
    "GROUP_CHAT": 0.802881,
    "MESSAGE": 0.817574,
    "USER_GROUP_CHAT": 0.788515
  },
  "attribute": {
    "USER": {
      "user id": 0.749736,
      "username": 0.743581,
      "password": 0.750463,
      "contact information": 0.768502,
      "registration time": 0.751874
    },
    "GROUP_CHAT": {
      "group chat id": 0.773718,
      "creator user id": 0.775061,
      "creation time": 0.776857,
      "member count": 0.780549
    },
    "MESSAGE": {
      "message id": 0.773305,
      "sender user id": 0.770424,
      "receiver user id": 0.773281,
      "sent time": 0.765965,
      "message type": 0.778686,
      "content": 0.778487,
      "is read": 0.766137,
      "read time": 0.772556
    },
    "USER_GROUP_CHAT": {
      "user id": 0.776221,
      "group chat id": 0.774321,
      "join time": 0.777824,
      "note": 0.78356,
      "leave time": 0.772566
    }
  },
  "relationship": [],
  "processing_time": 18.21
}