{
  "filename": "254.txt",
  "entity": {
    "SEISMOMETER": 0.817574,
    "CALIBRATION": 0.817574,
    "STATION": 0.817574,
    "USER": 0.817574,
    "ROLE": 0.728099,
    "PERSONNEL": 0.744464,
    "CALIBRATION_RESULT": 0.787078,
    "VIBRATION_TABLE_TEST": 0.687101
  },
  "attribute": {
    "SEISMOMETER": {
      "seismometer id": 0.763431,
      "mechanical period": 0.761609,
      "equivalent pendulum length": 0.759432,
      "moment of inertia": 0.757403,
      "coil sensitivity": 0.758387,
      "voltage sensitivity": 0.758632
    },
    "CALIBRATION": {
      "calibration id": 0.746558,
      "seismometer id": 0.763062,
      "station id": 0.756297,
      "calibration time": 0.743838,
      "amplitude": 0.748155,
      "width": 0.740834,
      "comparison result": 0.748243
    },
    "STATION": {
      "station id": 0.745509,
      "station name": 0.747195,
      "station type": 0.750098,
      "location": 0.745535
    },
    "USER": {
      "user id": 0.740276,
      "username": 0.732428,
      "password": 0.743678,
      "role id": 0.74428,
      "station id": 0.748751,
      "email": 0.743372
    },
    "ROLE": {
      "role id": 0.741283,
      "role name": 0.743291,
      "description": 0.751443
    },
    "PERSONNEL": {
      "personnel id": 0.754572,
      "name": 0.756695,
      "position": 0.756581,
      "contact phone": 0.754769,
      "associated station id": 0.755566
    },
    "CALIBRATION_RESULT": {
      "result id": 0.74524,
      "calibration id": 0.745954,
      "result type": 0.747863,
      "result value": 0.746089,
      "result date": 0.745499,
      "remarks": 0.748798
    },
    "VIBRATION_TABLE_TEST": {
      "test id": 0.756005,
      "calibration id": 0.75884,
      "test result": 0.757837,
      "test date": 0.755075,
      "table number": 0.75139
    }
  },
  "relationship": [],
  "processing_time": 33.11
}