{
  "filename": "255.txt",
  "entity": {
    "PRODUCTION_REPORT": 0.757055,
    "PRODUCTION_DATUM": 0.752427,
    "EQUIPMENT": 0.817574,
    "EQUIPMENT_INSPECTION": 0.751663,
    "INSPECTION_PLAN": 0.688925,
    "INSPECTOR": 0.694746,
    "EQUIPMENT_FAILURE": 0.760805,
    "FAILURE_REPORT": 0.759858,
    "REPAIR_WORK_ORDER": 0.747892,
    "REPAIR_PERSONNEL": 0.763741,
    "QUALITY_REPORT": 0.761732,
    "METAL_RECORD": 0.753692,
    "WAREHOUSE": 0.71914,
    "SAMPLE": 0.71825,
    "DAILY_REPORT": 0.752669,
    "USER": 0.707795,
    "ROLE": 0.737845,
    "PERMISSION": 0.690381,
    "OPERATION_HISTORY": 0.686606,
    "ANNOUNCEMENT": 0.744521,
    "JOB_POSITION": 0.748231,
    "APPLICATION": 0.704558,
    "ALARM_NOTIFICATION": 0.667833,
    "ANOMALY_CASE": 0.683413
  },
  "attribute": {
    "PRODUCTION_REPORT": {
      "report id": 0.771991,
      "report type": 0.772747,
      "report date": 0.764121,
      "production datum id": 0.770757,
      "production indicator": 0.774484,
      "completion status": 0.775359,
      "metal recovery rate": 0.769268,
      "grade": 0.76578
    },
    "PRODUCTION_DATUM": {
      "datum id": 0.760459,
      "datum value": 0.756343
    },
    "EQUIPMENT": {
      "equipment id": 0.764361,
      "model": 0.761993,
      "main category": 0.770619,
      "sub category": 0.769553,
      "location": 0.758725,
      "operation status": 0.77711,
      "real time monitoring": 0.760686,
      "alarm notification id": 0.75158,
      "anomaly case id": 0.756973
    },
    "EQUIPMENT_INSPECTION": {
      "inspection id": 0.762725,
      "inspection plan id": 0.765561,
      "inspector id": 0.763243,
      "inspection date": 0.758904,
      "progress": 0.770384
    },
    "INSPECTION_PLAN": {
      "plan id": 0.760991,
      "plan name": 0.760004,
      "description": 0.76802
    },
    "INSPECTOR": {
      "inspector id": 0.747382,
      "inspector name": 0.745488
    },
    "EQUIPMENT_FAILURE": {
      "failure id": 0.760615,
      "reporter id": 0.769302,
      "failure type": 0.760741,
      "failure time": 0.757462,
      "processing status": 0.772698
    },
    "FAILURE_REPORT": {
      "failure report id": 0.763283,
      "failure id": 0.758483,
      "report time": 0.76181,
      "description": 0.767973
    },
    "REPAIR_WORK_ORDER": {
      "work order id": 0.756846,
      "equipment id": 0.767338,
      "repair progress": 0.763806,
      "repair time": 0.755412,
      "assigned personnel id": 0.765245
    },
    "REPAIR_PERSONNEL": {
      "personnel id": 0.769481,
      "personnel name": 0.766844,
      "contact info": 0.769536
    },
    "QUALITY_REPORT": {
      "quality report id": 0.763967,
      "report date": 0.757732,
      "recovery rate": 0.769264,
      "grade": 0.758957,
      "metal record id": 0.76538,
      "warehouse id": 0.771963,
      "sample id": 0.765275,
      "daily report id": 0.767781
    },
    "METAL_RECORD": {
      "metal record id": 0.751737,
      "metal recovery rate": 0.759491,
      "warehouse id": 0.763202,
      "sample id": 0.756747,
      "metal grade": 0.753127
    },
    "WAREHOUSE": {
      "warehouse id": 0.761479,
      "warehouse name": 0.760554,
      "location": 0.759061
    },
    "SAMPLE": {
      "sample id": 0.749396,
      "metal grade": 0.754108,
      "collection date": 0.748109
    },
    "DAILY_REPORT": {
      "daily report id": 0.760945,
      "report date": 0.755542,
      "grade": 0.755552,
      "recovery rate": 0.766826
    },
    "USER": {
      "user id": 0.734853,
      "username": 0.730579,
      "role id": 0.744092,
      "status": 0.754744
    },
    "ROLE": {
      "role id": 0.75049,
      "role name": 0.748819
    },
    "PERMISSION": {
      "permission id": 0.740294,
      "permission name": 0.738577
    },
    "OPERATION_HISTORY": {
      "operation id": 0.761965,
      "user id": 0.753916,
      "operation type": 0.764384,
      "operation timestamp": 0.75804,
      "details": 0.766765
    },
    "ANNOUNCEMENT": {
      "announcement id": 0.741282,
      "content": 0.748394,
      "release time": 0.739346,
      "status": 0.749435
    },
    "JOB_POSITION": {
      "position id": 0.759449,
      "title": 0.764637,
      "description": 0.770209,
      "responsibility": 0.762331,
      "requirement": 0.769614
    },
    "APPLICATION": {
      "application id": 0.732292,
      "user id": 0.731611,
      "position id": 0.739889,
      "match rate": 0.744652,
      "application date": 0.736704
    },
    "ALARM_NOTIFICATION": {
      "alarm id": 0.737425,
      "equipment id": 0.749217,
      "notification time": 0.732232,
      "message": 0.737301,
      "status": 0.745797
    },
    "ANOMALY_CASE": {
      "anomaly id": 0.742188,
      "equipment id": 0.758297,
      "case description": 0.747946,
      "detected time": 0.738811,
      "status": 0.74921
    }
  },
  "relationship": [],
  "processing_time": 83.32
}