{
  "filename": "257.txt",
  "entity": {
    "COMPANY": 0.817574,
    "HOTEL": 0.749003,
    "CUSTOMER": 0.817574,
    "CUSTOMER_TYPE": 0.754119,
    "FLIGHT": 0.817574,
    "AIRLINE": 0.783402,
    "ORDER": 0.817574,
    "BOOKING": 0.817574,
    "TICKET": 0.817574
  },
  "attribute": {
    "COMPANY": {
      "company id": 0.749988
    },
    "HOTEL": {
      "hotel id": 0.765737
    },
    "CUSTOMER": {
      "customer id": 0.765269,
      "gender": 0.771194,
      "contact information": 0.766825,
      "customer type id": 0.767158
    },
    "CUSTOMER_TYPE": {
      "customer type id": 0.766342,
      "type name": 0.768529,
      "discount rate": 0.773997
    },
    "AIRLINE": {
      "airline id": 0.761495,
      "airline name": 0.763683
    },
    "FLIGHT": {
      "flight id": 0.761099,
      "flight date": 0.757567,
      "airline id": 0.761548,
      "departure location": 0.759293,
      "departure time": 0.761129,
      "destination": 0.763099,
      "arrival time": 0.760473
    },
    "ORDER": {
      "order id": 0.745992,
      "customer id": 0.76011,
      "flight id": 0.763386,
      "ticket order number": 0.761201,
      "discount rate": 0.758979
    },
    "BOOKING": {
      "booking id": 0.77135,
      "booking date": 0.771191,
      "check time": 0.772573,
      "discount rate": 0.771883,
      "ticket order number": 0.769327
    },
    "TICKET": {
      "ticket id": 0.756749,
      "order id": 0.758782,
      "flight id": 0.759853,
      "ticket order number": 0.760158,
      "discount rate": 0.7635
    }
  },
  "relationship": [],
  "processing_time": 19.75
}