{
  "filename": "258.txt",
  "entity": {
    "DONOR": 0.817574,
    "FUNDRAISING_EVENT": 0.810229,
    "DONATION": 0.817574
  },
  "attribute": {
    "DONOR": {
      "donor id": 0.761174,
      "name": 0.76183,
      "contact detail": 0.764653,
      "address": 0.75868
    },
    "FUNDRAISING_EVENT": {
      "event id": 0.771137,
      "name": 0.77468,
      "event type": 0.779449,
      "timing": 0.769773,
      "location": 0.768644,
      "current raise status": 0.769728
    },
    "DONATION": {
      "donation id": 0.761494,
      "donor id": 0.765343,
      "event id": 0.769711,
      "donation time": 0.765636,
      "method": 0.770467,
      "amount": 0.763379,
      "message": 0.759867
    }
  },
  "relationship": [],
  "processing_time": 12.32
}