{
  "filename": "259.txt",
  "entity": {
    "USER": 0.817574,
    "EMAIL_ACCOUNT": 0.771641,
    "CONTACT": 0.751383,
    "EMAIL": 0.817574,
    "ATTACHMENT": 0.817574
  },
  "attribute": {
    "USER": {
      "username": 0.74224,
      "password": 0.750599,
      "email": 0.770989
    },
    "EMAIL_ACCOUNT": {
      "email address": 0.768155,
      "password": 0.766102,
      "user username": 0.763705
    },
    "CONTACT": {
      "contact id": 0.751666,
      "phone number": 0.745588,
      "work address": 0.757657,
      "email address": 0.763961,
      "user username": 0.751771
    },
    "EMAIL": {
      "email id": 0.763146,
      "sender address": 0.765432,
      "recipient address": 0.767901,
      "status": 0.769218,
      "subject": 0.775403,
      "content": 0.774747,
      "send time": 0.762742,
      "receive time": 0.762736,
      "sender user username": 0.760408
    },
    "ATTACHMENT": {
      "attachment id": 0.756168,
      "filename": 0.757051,
      "size": 0.757983,
      "email id": 0.77023
    }
  },
  "relationship": [],
  "processing_time": 15.28
}