{
  "filename": "260.txt",
  "entity": {
    "STUDENT": 0.817574,
    "COURSE": 0.817574,
    "INSTRUCTOR": 0.757514,
    "ACADEMIC_STAFF": 0.741696,
    "REGISTRATION": 0.817574,
    "EXAMINATION_RESULT": 0.801739,
    "CLASS": 0.744654,
    "UNIVERSITY": 0.759328
  },
  "attribute": {
    "STUDENT": {
      "student id": 0.783833,
      "date of birth": 0.777205,
      "phone number": 0.772934,
      "home address": 0.776846
    },
    "COURSE": {
      "course id": 0.77683,
      "credits": 0.768623
    },
    "INSTRUCTOR": {
      "instructor id": 0.768181
    },
    "ACADEMIC_STAFF": {
      "staff id": 0.760811
    },
    "REGISTRATION": {
      "registration id": 0.765106,
      "student id": 0.787742,
      "course id": 0.787617,
      "registration time": 0.758641,
      "status": 0.768883
    },
    "EXAMINATION_RESULT": {
      "result id": 0.760169,
      "student id": 0.778016,
      "grade": 0.764117,
      "examination date": 0.76275
    },
    "CLASS": {
      "class id": 0.754339,
      "course id": 0.778399,
      "instructor id": 0.772453,
      "class time": 0.753243,
      "location": 0.758242
    },
    "UNIVERSITY": {
      "university id": 0.772218
    }
  },
  "relationship": [],
  "processing_time": 17.67
}