{
  "filename": "263.txt",
  "entity": {
    "STUDENT": 0.817574,
    "LECTURER": 0.817574,
    "HOMEWORK": 0.817574,
    "SUBMISSION": 0.796231,
    "GRADE": 0.817574,
    "NOTIFICATION": 0.697749,
    "TEACHING_STAFF": 0.744673,
    "RANDOM_INSPECTION_REPORT": 0.779181
  },
  "attribute": {
    "STUDENT": {
      "student id": 0.764857
    },
    "LECTURER": {
      "lecturer id": 0.756978
    },
    "HOMEWORK": {
      "homework id": 0.770336
    },
    "SUBMISSION": {
      "submission id": 0.744496,
      "student id": 0.764172,
      "homework id": 0.776815,
      "submitted at": 0.757135,
      "file path": 0.742332
    },
    "GRADE": {
      "grade id": 0.765722,
      "student id": 0.772294,
      "homework id": 0.770679,
      "score": 0.769399,
      "evaluation": 0.772674,
      "graded at": 0.772376
    },
    "NOTIFICATION": {
      "notification id": 0.734911,
      "recipient type": 0.740289,
      "recipient id": 0.733901,
      "notification type": 0.739385,
      "created at": 0.73645,
      "message": 0.744433
    },
    "TEACHING_STAFF": {
      "staff id": 0.761677
    },
    "RANDOM_INSPECTION_REPORT": {
      "report id": 0.75182,
      "inspector staff id": 0.752226,
      "homework id": 0.777689,
      "opinion": 0.753525,
      "created at": 0.753198
    }
  },
  "relationship": [],
  "processing_time": 20.37
}