{
  "filename": "291.txt",
  "entity": {
    "DEPARTMENT": 0.691577,
    "LABORATORY": 0.817574,
    "REAGENT": 0.817574,
    "INVENTORY": 0.817574,
    "USAGE_RECORD": 0.720451,
    "USER": 0.733626,
    "PERSON": 0.693875,
    "LOCATION": 0.710086,
    "EXPIRATION_ALERT": 0.752967
  },
  "attribute": {
    "DEPARTMENT": {
      "department id": 0.759316,
      "department name": 0.761689
    },
    "LABORATORY": {
      "laboratory id": 0.773791,
      "laboratory name": 0.770315,
      "person charge id": 0.771299,
      "location id": 0.769626
    },
    "REAGENT": {
      "reagent id": 0.772963,
      "reagent name": 0.774151,
      "specification": 0.781855
    },
    "INVENTORY": {
      "inventory id": 0.757809,
      "reagent id": 0.774853,
      "laboratory id": 0.780749,
      "quantity": 0.765043,
      "expiration date": 0.759562
    },
    "USAGE_RECORD": {
      "usage id": 0.752572,
      "reagent id": 0.770519,
      "laboratory id": 0.776117,
      "usage date": 0.758454,
      "user id": 0.748576,
      "usage quantity": 0.763371
    },
    "USER": {
      "user id": 0.741156,
      "username": 0.732239,
      "person id": 0.741496
    },
    "PERSON": {
      "person id": 0.739149,
      "person name": 0.734176,
      "contact info": 0.745228
    },
    "LOCATION": {
      "location id": 0.73684,
      "address": 0.735848
    },
    "EXPIRATION_ALERT": {
      "alert id": 0.750336,
      "reagent id": 0.768765,
      "laboratory id": 0.773909,
      "alert date": 0.748189,
      "message": 0.750117
    }
  },
  "relationship": [],
  "processing_time": 24.95
}