{
  "filename": "300.txt",
  "entity": {
    "MATERIAL_SUPPLY_PROJECT": 0.772556,
    "BILL": 0.817574,
    "MATERIAL": 0.817574,
    "PROJECT_MATERIAL": 0.747005,
    "BILL_MATERIAL": 0.76683
  },
  "attribute": {
    "MATERIAL_SUPPLY_PROJECT": {
      "project number": 0.763473,
      "creation date": 0.761392,
      "closing date": 0.755333
    },
    "BILL": {
      "bill id": 0.748835,
      "creation time": 0.755201,
      "modification time": 0.75081,
      "verification status": 0.754865,
      "error flag": 0.74875
    },
    "MATERIAL": {
      "material code": 0.748891,
      "description": 0.753697,
      "unit": 0.755917
    },
    "PROJECT_MATERIAL": {
      "project number": 0.755622,
      "material code": 0.755136,
      "quantity": 0.768452,
      "unit cost": 0.757826,
      "charge": 0.757234,
      "pk": 0.75593
    },
    "BILL_MATERIAL": {
      "bill id": 0.758065,
      "material code": 0.759592,
      "quantity": 0.76529,
      "unit cost": 0.761538,
      "charge": 0.759726,
      "pk": 0.754712
    }
  },
  "relationship": [],
  "processing_time": 17.65
}