{
  "filename": "307.txt",
  "entity": {
    "COMPANY": 0.817574,
    "USER": 0.817574,
    "API_KEY": 0.708704,
    "EMPLOYEE": 0.817574,
    "SITE": 0.817574,
    "DEVICE": 0.715938,
    "USER_API_KEY": 0.997999,
    "USER_SITE": 0.938149
  },
  "attribute": {
    "COMPANY": {
      "company id": 0.75876,
      "name": 0.755864,
      "website": 0.761516,
      "created at": 0.749985,
      "updated at": 0.751194
    },
    "USER": {
      "user id": 0.744013,
      "username": 0.735259,
      "email": 0.743102,
      "password hash": 0.750604,
      "password salt": 0.748598,
      "password type": 0.749945,
      "display name": 0.735165,
      "is admin": 0.749159,
      "is developer": 0.752696,
      "role": 0.751378,
      "created at": 0.742681,
      "updated at": 0.739591,
      "last login at": 0.744121
    },
    "API_KEY": {
      "api key id": 0.747177,
      "key value": 0.749783,
      "private key": 0.747592,
      "application reason": 0.75022,
      "key uri": 0.746606,
      "created at": 0.744341,
      "updated at": 0.742956,
      "user id": 0.750644
    },
    "EMPLOYEE": {
      "employee id": 0.767329,
      "position": 0.765216,
      "salary": 0.75939,
      "created at": 0.75854,
      "updated at": 0.754133,
      "company id": 0.769177
    },
    "SITE": {
      "site id": 0.736539,
      "hostname": 0.732605,
      "abbreviation": 0.742131,
      "is deprecated": 0.739239,
      "created at": 0.738894,
      "updated at": 0.737121
    },
    "DEVICE": {
      "device id": 0.732859,
      "created at": 0.734672,
      "updated at": 0.731752,
      "employee id": 0.759581
    },
    "USER_API_KEY": {
      "user id": 0.997999,
      "api key id": 0.997999,
      "assigned at": 0.997999,
      "user_api_key_id": 0.997999,
      "user_id": 0.997999,
      "api_key_id": 0.997999
    },
    "USER_SITE": {
      "user id": 0.938149,
      "site id": 0.938149,
      "granted at": 0.938149,
      "user_site_id": 0.938149,
      "user_id": 0.938149,
      "site_id": 0.938149
    }
  },
  "relationship": [
    {
      "entity_1": "COMPANY",
      "entity_2": "EMPLOYEE",
      "description": "A company employs multiple employees; each employee belongs to one company.",
      "cardinality": "1:N",
      "associative_entity": null,
      "probability": 0.829128
    },
    {
      "entity_1": "EMPLOYEE",
      "entity_2": "DEVICE",
      "description": "An employee can be assigned multiple devices; each device is assigned to one employee.",
      "cardinality": "1:N",
      "associative_entity": null,
      "probability": 0.24272
    },
    {
      "entity_1": "USER",
      "entity_2": "USER_API_KEY",
      "description": "One USER can be associated with many USER_API_KEY.",
      "cardinality": "1:N",
      "associative_entity": null,
      "probability": 0.997999
    },
    {
      "entity_1": "API_KEY",
      "entity_2": "USER_API_KEY",
      "description": "One API_KEY can be associated with many USER_API_KEY.",
      "cardinality": "1:N",
      "associative_entity": null,
      "probability": 0.997999
    },
    {
      "entity_1": "USER",
      "entity_2": "USER_SITE",
      "description": "One USER can be associated with many USER_SITE.",
      "cardinality": "1:N",
      "associative_entity": null,
      "probability": 0.938149
    },
    {
      "entity_1": "SITE",
      "entity_2": "USER_SITE",
      "description": "One SITE can be associated with many USER_SITE.",
      "cardinality": "1:N",
      "associative_entity": null,
      "probability": 0.938149
    }
  ],
  "processing_time": 48.64
}