{
  "filename": "315.txt",
  "entity": {
    "PERSONNEL": 0.817574,
    "BOOK": 0.817574,
    "BOOK_COPY": 0.732139,
    "BORROWING_RECORD": 0.761877
  },
  "attribute": {
    "PERSONNEL": {
      "personnel id": 0.746781,
      "first name": 0.747052,
      "last name": 0.746723,
      "role": 0.75375,
      "email": 0.745008,
      "phone": 0.738856,
      "address": 0.740998
    },
    "BOOK": {
      "book id": 0.748692,
      "title": 0.747646,
      "author": 0.743703,
      "publisher": 0.754986,
      "publication year": 0.752522,
      "isbn": 0.757773,
      "category": 0.758622,
      "language": 0.753504,
      "edition": 0.747713
    },
    "BOOK_COPY": {
      "copy id": 0.748912,
      "book id": 0.752492,
      "copy number": 0.747501,
      "status": 0.759444,
      "location": 0.751098,
      "acquisition date": 0.750903
    },
    "BORROWING_RECORD": {
      "borrowing id": 0.748051,
      "copy id": 0.747095,
      "personnel id": 0.754717,
      "borrow date": 0.74887,
      "due date": 0.747773,
      "return date": 0.749079,
      "return status": 0.753533,
      "fine amount": 0.747872
    }
  },
  "relationship": [],
  "processing_time": 24.32
}