{
  "filename": "321.txt",
  "entity": {
    "USER": 0.817574,
    "FOOTBALL_CLUB": 0.739602,
    "EVENT_ORGANIZER": 0.74808,
    "ORGANIZATION": 0.760933,
    "SOCIAL_PLATFORM": 0.757312,
    "MEMBERSHIP": 0.817574,
    "TEAM": 0.817574,
    "MATCH": 0.817574,
    "EVENT": 0.817574,
    "PROFILE": 0.739236,
    "MARKETING_ACTIVITY": 0.747212,
    "SERVICE": 0.71912,
    "FRIENDSHIP": 0.738773,
    "INTEREST": 0.720994
  },
  "attribute": {
    "USER": {
      "user id": 0.739064,
      "username": 0.740244,
      "email": 0.748037,
      "password hash": 0.73994,
      "registration date": 0.735695,
      "basic information": 0.754321,
      "social information": 0.769805,
      "personal interest": 0.761527
    },
    "FOOTBALL_CLUB": {
      "club id": 0.764324,
      "name": 0.768861,
      "location": 0.766487,
      "founded year": 0.771484
    },
    "EVENT_ORGANIZER": {
      "organizer id": 0.749895,
      "name": 0.757946,
      "contact phone": 0.754946,
      "contact email": 0.75355
    },
    "ORGANIZATION": {
      "organization id": 0.747723,
      "name": 0.754402,
      "organization type": 0.75747
    },
    "SOCIAL_PLATFORM": {
      "platform id": 0.755084,
      "name": 0.76272,
      "url": 0.7551,
      "launch date": 0.754823
    },
    "MEMBERSHIP": {
      "membership id": 0.744114,
      "user id": 0.74518,
      "membership type": 0.759963,
      "start date": 0.744461,
      "end date": 0.741653,
      "discount eligible": 0.741907
    },
    "TEAM": {
      "team id": 0.754043,
      "name": 0.755797,
      "creation date": 0.75391,
      "manager user id": 0.759566
    },
    "MATCH": {
      "match id": 0.748177,
      "home team id": 0.759801,
      "away team id": 0.755957,
      "schedule datetime": 0.739819,
      "venue": 0.758122,
      "result": 0.746933
    },
    "EVENT": {
      "event id": 0.746068,
      "name": 0.751716,
      "description": 0.755785,
      "start date": 0.743946,
      "end date": 0.739184,
      "location": 0.748204,
      "organizer id": 0.753212
    },
    "PROFILE": {
      "profile id": 0.7412,
      "user id": 0.741362,
      "profile picture url": 0.740563,
      "bio": 0.751514
    },
    "MARKETING_ACTIVITY": {
      "activity id": 0.754985,
      "name": 0.760799,
      "description": 0.763967,
      "start date": 0.749945,
      "end date": 0.746803,
      "target audience": 0.766183,
      "sponsor id": 0.753671
    },
    "SERVICE": {
      "service id": 0.73553,
      "name": 0.745495,
      "description": 0.752531,
      "discount rate": 0.737324
    },
    "FRIENDSHIP": {
      "friendship id": 0.744798,
      "user id1": 0.750458,
      "user id2": 0.751224,
      "since date": 0.744515
    },
    "INTEREST": {
      "interest id": 0.739072,
      "name": 0.747116,
      "category": 0.75707
    }
  },
  "relationship": [],
  "processing_time": 43.58
}