{
  "filename": "333.txt",
  "entity": {
    "USER": 0.817574,
    "PERSONAL_INFORMATION": 0.747288,
    "CONNECTION": 0.817574,
    "CONNECTION_REQUEST": 0.75345,
    "HOME_PAGE": 0.784249,
    "POST": 0.713327,
    "USER_HOME_PAGE": 0.750373
  },
  "attribute": {
    "USER": {
      "user id": 0.754843,
      "username": 0.752958,
      "password hash": 0.746579,
      "user type": 0.768198
    },
    "PERSONAL_INFORMATION": {
      "user id": 0.767066,
      "phone": 0.76792,
      "address": 0.766272,
      "email": 0.766377,
      "birthday": 0.758701,
      "gender": 0.766736,
      "relationship status": 0.770355,
      "interests": 0.765647,
      "profile motto": 0.765291,
      "hometown": 0.767028,
      "current location": 0.765709
    },
    "CONNECTION": {
      "connection id": 0.748439,
      "user id 1": 0.762468,
      "user id 2": 0.761644,
      "connection time": 0.748778
    },
    "CONNECTION_REQUEST": {
      "request id": 0.749172,
      "requester id": 0.749496,
      "requestee id": 0.751507,
      "request time": 0.750939
    },
    "HOME_PAGE": {
      "home page id": 0.757083,
      "creator user id": 0.765448,
      "title": 0.757301,
      "introduction": 0.769917,
      "creation time": 0.758943
    },
    "POST": {
      "post id": 0.743555,
      "user id": 0.75482,
      "home page id": 0.756797,
      "content text": 0.743894,
      "posting time": 0.755087
    },
    "USER_HOME_PAGE": {
      "user id": 0.766199,
      "home page id": 0.764829,
      "join time": 0.772476
    }
  },
  "relationship": [],
  "processing_time": 25.44
}