{
  "filename": "347.txt",
  "entity": {
    "MODEL": 0.817574,
    "MODEL_TYPE": 0.795646,
    "HYPERPARAMETER": 0.817574,
    "PERFORMANCE_METRIC": 0.684839,
    "DATASET": 0.817574,
    "MODEL_RUN": 0.743683,
    "HYPERPARAMETER_VALUE": 0.785751,
    "HYPERPARAMETER_DEF_VALUE": 0.77825,
    "LEADERBOARD": 0.704912,
    "TAG": 0.817574,
    "DATASET_VARIABLE_DETAIL": 0.725637,
    "DATA_MAP": 0.72691,
    "MODEL_MAP": 0.745053,
    "ID_MAP": 0.700294,
    "TAG_MAP": 0.742499,
    "MODEL_PERFORMANCE_EVALUATION": 0.727862
  },
  "attribute": {
    "MODEL": {
      "model id": 0.751942,
      "model name": 0.754737,
      "operational status": 0.757433,
      "max number": 0.756396,
      "family": 0.754235,
      "is stack ensemble": 0.758514
    },
    "MODEL_TYPE": {
      "model type id": 0.750166,
      "type name": 0.753124,
      "description": 0.75864
    },
    "HYPERPARAMETER": {
      "hyperparameter id": 0.756572,
      "hyperparameter name": 0.757639,
      "description": 0.763308
    },
    "PERFORMANCE_METRIC": {
      "metric id": 0.757495,
      "metric name": 0.754377,
      "description": 0.758866
    },
    "DATASET": {
      "dataset id": 0.756373,
      "dataset name": 0.756817,
      "owner": 0.755794,
      "license": 0.754182,
      "visibility": 0.754613,
      "url": 0.755804,
      "creation date": 0.755246,
      "update date": 0.753216,
      "datum size": 0.752729,
      "number rows": 0.762121,
      "number columns": 0.76151
    },
    "MODEL_RUN": {
      "model run id": 0.756281,
      "model id": 0.756612,
      "dataset id": 0.763627,
      "execution time": 0.755052,
      "start time": 0.75216,
      "end time": 0.758907,
      "runtime": 0.758875,
      "run path": 0.752205,
      "max number": 0.759927
    },
    "HYPERPARAMETER_VALUE": {
      "hyperparameter value id": 0.755477,
      "hyperparameter id": 0.755321,
      "model id": 0.763116,
      "value": 0.756462
    },
    "HYPERPARAMETER_DEF_VALUE": {
      "def value id": 0.75873,
      "hyperparameter id": 0.759192,
      "model type id": 0.765825,
      "default value": 0.756262
    },
    "LEADERBOARD": {
      "leaderboard id": 0.751959,
      "model id": 0.760829,
      "metric id": 0.758229,
      "score": 0.751532,
      "rank": 0.757805
    },
    "TAG": {
      "tag id": 0.737006,
      "tag name": 0.740494
    },
    "DATASET_VARIABLE_DETAIL": {
      "variable detail id": 0.751269,
      "dataset id": 0.753732,
      "variable name": 0.751532,
      "datum type": 0.755711,
      "unique value count": 0.75508,
      "null value count": 0.752528
    },
    "DATA_MAP": {
      "data map id": 0.749122,
      "dataset id": 0.756878,
      "model run id": 0.761961
    },
    "MODEL_MAP": {
      "model map id": 0.753872,
      "model type id": 0.754253,
      "model id": 0.754424
    },
    "ID_MAP": {
      "id map id": 0.741022,
      "model type id": 0.751572,
      "model id": 0.751256
    },
    "TAG_MAP": {
      "tag map id": 0.740465,
      "dataset id": 0.753343,
      "tag id": 0.740171
    },
    "MODEL_PERFORMANCE_EVALUATION": {
      "evaluation id": 0.761836,
      "model id": 0.763144,
      "metric id": 0.76387,
      "metric value": 0.762298
    }
  },
  "relationship": [],
  "processing_time": 64.97
}