{
  "filename": "352.txt",
  "entity": {
    "SUPPLIER": 0.817574,
    "CUSTOMER": 0.817574,
    "PRODUCT": 0.817574,
    "INVOICE": 0.817574,
    "INVOICE_PRODUCT": 0.804018
  },
  "attribute": {
    "SUPPLIER": {
      "supplier id": 0.762545,
      "address": 0.76327,
      "phone number": 0.755875
    },
    "CUSTOMER": {
      "customer id": 0.753369,
      "phone number": 0.745748,
      "address": 0.755093,
      "email": 0.75834
    },
    "PRODUCT": {
      "product id": 0.748687,
      "description": 0.755116,
      "purchase price": 0.749864,
      "sell price": 0.750987,
      "inventory quantity": 0.774109,
      "minimum inventory quantity": 0.767268,
      "supplier id": 0.761346
    },
    "INVOICE": {
      "invoice id": 0.764567,
      "invoice date": 0.759723,
      "tax": 0.763864,
      "total value": 0.76645,
      "customer id": 0.769568
    },
    "INVOICE_PRODUCT": {
      "invoice id": 0.767566,
      "product id": 0.767493,
      "quantity": 0.777638
    }
  },
  "relationship": [],
  "processing_time": 18.83
}