{
  "filename": "414.txt",
  "entity": {
    "SALES_PLAN": 0.787245,
    "SALES_POINT": 0.787714,
    "DEVICE": 0.817574,
    "CITY": 0.817574,
    "COMPANY": 0.817574,
    "VENUE": 0.817574
  },
  "attribute": {
    "SALES_PLAN": {
      "sale plan id": 0.765576,
      "sale plan description": 0.774295,
      "start date": 0.763125,
      "end date": 0.760765
    },
    "SALES_POINT": {
      "sales point id": 0.775186,
      "address": 0.779532,
      "city id": 0.779918,
      "company id": 0.775698,
      "venue id": 0.784467
    },
    "DEVICE": {
      "device id": 0.745743,
      "device name": 0.749803,
      "device model": 0.755017,
      "sales point id": 0.773135
    },
    "CITY": {
      "city id": 0.754914,
      "province": 0.745698
    },
    "COMPANY": {
      "company id": 0.745882,
      "company name": 0.748332,
      "address": 0.753943
    },
    "VENUE": {
      "venue id": 0.768408,
      "venue name": 0.770238,
      "venue description": 0.776411
    }
  },
  "relationship": [],
  "processing_time": 14.65
}