{
  "filename": "417.txt",
  "entity": {
    "USER": 0.817574,
    "POST": 0.817574,
    "COMMENT": 0.817574,
    "CATEGORY": 0.817574,
    "NOTIFICATION": 0.817574
  },
  "attribute": {
    "USER": {
      "user id": 0.747252,
      "username": 0.743512,
      "email": 0.755397,
      "password": 0.747776,
      "avatar link": 0.739536,
      "registration date": 0.741692
    },
    "POST": {
      "post id": 0.748654,
      "title": 0.752499,
      "content": 0.755052,
      "category id": 0.760957,
      "user id": 0.750183,
      "post time": 0.752221,
      "status": 0.76057,
      "reply count": 0.767093,
      "like count": 0.763598,
      "favorite count": 0.754437
    },
    "COMMENT": {
      "comment id": 0.759064,
      "content": 0.76526,
      "post id": 0.760995,
      "user id": 0.761729,
      "like count": 0.765158,
      "reply count": 0.7667,
      "comment time": 0.759053,
      "parent comment id": 0.754367
    },
    "CATEGORY": {
      "category id": 0.757025,
      "name": 0.760281
    },
    "NOTIFICATION": {
      "notification id": 0.756029,
      "content": 0.766299,
      "user id": 0.758048,
      "read status": 0.757094,
      "created at": 0.751479
    }
  },
  "relationship": [],
  "processing_time": 24.79
}