{
  "filename": "424.txt",
  "entity": {
    "USER": 0.817574,
    "SYSTEM": 0.817574,
    "SESSION": 0.736334,
    "AUTHORIZATION": 0.817574,
    "SYSTEM_CONFIGURATION": 0.727366
  },
  "attribute": {
    "USER": {
      "user id": 0.753088,
      "username": 0.740214,
      "password": 0.763216,
      "phone number": 0.746534,
      "email": 0.758844,
      "account status": 0.775286,
      "last login time": 0.772748,
      "last login ip": 0.769365
    },
    "SYSTEM": {
      "system id": 0.761552,
      "system name": 0.761894,
      "system domain": 0.767627,
      "last access time": 0.768555,
      "is enabled": 0.761615,
      "approval required": 0.77173
    },
    "SESSION": {
      "session id": 0.75396,
      "user id": 0.759762,
      "system id": 0.765722,
      "login time": 0.765294,
      "login ip": 0.76441,
      "token expiration time": 0.755181,
      "logout time": 0.756325,
      "is valid": 0.755556
    },
    "AUTHORIZATION": {
      "auth id": 0.758448,
      "user id": 0.763841,
      "system id": 0.773316,
      "auth time": 0.765197,
      "effective expiration time": 0.761585
    },
    "SYSTEM_CONFIGURATION": {
      "system id": 0.764655,
      "callback url": 0.748856,
      "secret key": 0.76303,
      "token validity period": 0.769213
    }
  },
  "relationship": [],
  "processing_time": 24.82
}