{
  "filename": "425.txt",
  "entity": {
    "USER": 0.720391,
    "BUILDING": 0.716161,
    "DORMITORY": 0.817574,
    "STUDENT": 0.817574,
    "APPLICATION": 0.817574,
    "MAINTENANCE_RECORD": 0.754415,
    "ANNOUNCEMENT": 0.817574
  },
  "attribute": {
    "USER": {
      "user id": 0.741277,
      "username": 0.733197,
      "password": 0.749443,
      "role": 0.754356
    },
    "BUILDING": {
      "building id": 0.748418,
      "type": 0.750021,
      "location": 0.744801,
      "description": 0.754038,
      "manager id": 0.758188
    },
    "DORMITORY": {
      "dormitory id": 0.775567,
      "type": 0.777968,
      "number": 0.776496,
      "bed count": 0.771201,
      "building id": 0.770994,
      "support facilities": 0.779624,
      "manager id": 0.78018
    },
    "STUDENT": {
      "student id": 0.765985,
      "gender": 0.762167,
      "dormitory id": 0.778355,
      "class": 0.760711
    },
    "APPLICATION": {
      "application id": 0.735435,
      "type": 0.746118,
      "student id": 0.763815,
      "content": 0.748682,
      "submitted at": 0.748439,
      "status": 0.752915,
      "processing opinion": 0.751649,
      "processed by": 0.746601
    },
    "MAINTENANCE_RECORD": {
      "maintenance id": 0.75265,
      "dormitory id": 0.779007,
      "fault description": 0.75239,
      "repair time": 0.744606,
      "staff id": 0.762768,
      "situation": 0.757919,
      "completion time": 0.751348
    },
    "ANNOUNCEMENT": {
      "announcement id": 0.738397,
      "title": 0.74285,
      "content": 0.745276,
      "release time": 0.734826,
      "released by": 0.736694
    }
  },
  "relationship": [],
  "processing_time": 34.12
}