{
  "filename": "426.txt",
  "entity": {
    "USER": 0.817574,
    "AUTHORIZATION": 0.710333,
    "ATTRACTION": 0.817574,
    "RESERVATION": 0.687144,
    "COMMENT": 0.817574,
    "BOOKMARK": 0.681115
  },
  "attribute": {
    "USER": {
      "account number": 0.758917,
      "password": 0.761027,
      "nickname": 0.755083,
      "bio": 0.75106
    },
    "AUTHORIZATION": {
      "auth id": 0.756366,
      "user account number": 0.76437,
      "provider": 0.770515,
      "auth token": 0.760861,
      "auth timestamp": 0.757208
    },
    "ATTRACTION": {
      "attraction id": 0.743905,
      "picture url": 0.742215,
      "reference price": 0.741838,
      "description": 0.745416
    },
    "BOOKMARK": {
      "bookmark id": 0.745086,
      "user account number": 0.759645,
      "attraction id": 0.7529,
      "created at": 0.751438
    },
    "RESERVATION": {
      "reservation id": 0.759718,
      "user account number": 0.766467,
      "attraction id": 0.757659,
      "reservation time": 0.752936,
      "ticket purchase time": 0.756376,
      "ticket quantity": 0.756745
    },
    "COMMENT": {
      "comment id": 0.755607,
      "user account number": 0.76323,
      "attraction id": 0.755185,
      "comment time": 0.753756,
      "content": 0.761371,
      "status": 0.761469
    }
  },
  "relationship": [],
  "processing_time": 18.46
}