{
  "filename": "430.txt",
  "entity": {
    "USER": 0.817574,
    "ATTRACTION": 0.817574,
    "ORDER": 0.709839,
    "COMMENT": 0.817574,
    "MESSAGE": 0.731511,
    "FAVORITE": 0.708209
  },
  "attribute": {
    "USER": {
      "user id": 0.753959,
      "username": 0.748569,
      "password": 0.763103,
      "wechat openid": 0.765779,
      "qq number": 0.76482,
      "email": 0.765865,
      "remark": 0.765353,
      "account": 0.764963,
      "created at": 0.75768,
      "updated at": 0.762779
    },
    "ATTRACTION": {
      "attraction id": 0.752252,
      "attraction detail": 0.752514,
      "reference price": 0.744201,
      "image url": 0.744225,
      "era": 0.748169,
      "type": 0.750471,
      "region": 0.747408,
      "created at": 0.748989,
      "updated at": 0.754855
    },
    "ORDER": {
      "order id": 0.744226,
      "user id": 0.757083,
      "attraction id": 0.75499,
      "book date": 0.742721,
      "ticket quantity": 0.748923,
      "remark": 0.750084,
      "order status": 0.749527,
      "created at": 0.750901,
      "updated at": 0.751175
    },
    "COMMENT": {
      "comment id": 0.7537,
      "user id": 0.762273,
      "attraction id": 0.76072,
      "comment content": 0.756804,
      "review status": 0.755868,
      "created at": 0.753044,
      "updated at": 0.753093
    },
    "MESSAGE": {
      "message id": 0.758523,
      "user id": 0.762771,
      "message content": 0.769233,
      "created at": 0.760934,
      "updated at": 0.75816
    },
    "FAVORITE": {
      "user id": 0.761584,
      "attraction id": 0.749987,
      "created at": 0.748599,
      "updated at": 0.750436
    }
  },
  "relationship": [],
  "processing_time": 30.3
}