{
  "filename": "441.txt",
  "entity": {
    "RESEARCH_PROJECT": 0.775599,
    "PROJECT_BUDGET": 0.767723,
    "FUND": 0.817574,
    "TRANSACTION_RECORD": 0.766795,
    "BUDGET_ADJUSTMENT": 0.762729,
    "INTERNAL_ALLOCATION": 0.687251,
    "WARNING": 0.779164,
    "HISTORICAL_FUNDING_DATA": 0.717035,
    "USER": 0.817574,
    "ROLE": 0.711955,
    "REPORT": 0.722441
  },
  "attribute": {
    "RESEARCH_PROJECT": {
      "project id": 0.772641
    },
    "PROJECT_BUDGET": {
      "project id": 0.770385,
      "total budget": 0.768649,
      "remaining fund": 0.770169
    },
    "FUND": {
      "fund id": 0.762116,
      "amount": 0.765926
    },
    "TRANSACTION_RECORD": {
      "record id": 0.737261,
      "record time": 0.73887,
      "purpose description": 0.757204,
      "operator id": 0.740668,
      "project id": 0.757997
    },
    "BUDGET_ADJUSTMENT": {
      "adjustment id": 0.751013,
      "project id": 0.765617,
      "adjustment amount": 0.750061,
      "adjustment date": 0.747006
    },
    "INTERNAL_ALLOCATION": {
      "allocation id": 0.754218,
      "project id": 0.767953,
      "allocation amount": 0.755921,
      "allocation date": 0.754452
    },
    "WARNING": {
      "warning id": 0.730468,
      "project id": 0.749167,
      "warning type": 0.734294,
      "warning date": 0.729114
    },
    "HISTORICAL_FUNDING_DATA": {
      "record id": 0.773944,
      "project id": 0.780016,
      "funding amount": 0.774027,
      "funding date": 0.770806
    },
    "USER": {
      "user id": 0.741193,
      "name": 0.734337,
      "role id": 0.744959
    },
    "ROLE": {
      "role id": 0.743793,
      "role name": 0.745388,
      "permissions": 0.755296
    },
    "REPORT": {
      "report id": 0.752614,
      "report name": 0.755455,
      "generated date": 0.743206
    }
  },
  "relationship": [],
  "processing_time": 320.76
}