{
  "filename": "444.txt",
  "entity": {
    "STUDENT": 0.817574,
    "COURSE": 0.817574,
    "INSTRUCTOR": 0.817574,
    "ATTENDANCE": 0.817574,
    "LEAVE_REQUEST": 0.739583
  },
  "attribute": {
    "STUDENT": {
      "student id": 0.771844,
      "age": 0.764166,
      "phone number": 0.766047,
      "game preference": 0.759141,
      "gender": 0.767627
    },
    "COURSE": {
      "course id": 0.762684,
      "location": 0.763732,
      "credit": 0.759872,
      "instructor id": 0.773864
    },
    "INSTRUCTOR": {
      "instructor id": 0.770759,
      "gender": 0.77081,
      "title": 0.772998,
      "work duration": 0.771996
    },
    "ATTENDANCE": {
      "attendance id": 0.772501,
      "student id": 0.779999,
      "course id": 0.781664,
      "check time": 0.776952,
      "attendance status": 0.777671,
      "class time": 0.778097,
      "remark": 0.771819
    },
    "LEAVE_REQUEST": {
      "leave request id": 0.739815,
      "student id": 0.768058,
      "course id": 0.767241,
      "leave time": 0.749032,
      "class time": 0.763139,
      "leave reason": 0.744649,
      "leave status": 0.750605
    }
  },
  "relationship": [],
  "processing_time": 16.86
}