{
  "filename": "476.txt",
  "entity": {
    "CUSTOMER": 0.817574,
    "SALE_ORDER": 0.750691,
    "ORDER_DETAIL": 0.735187,
    "PRODUCT": 0.74227,
    "RECIPE": 0.713062,
    "RAW_MATERIAL": 0.794342,
    "SUPPLIER": 0.817574,
    "PURCHASE_ORDER": 0.74708,
    "INVENTORY": 0.754489,
    "PRODUCTION_PLANNING": 0.772152,
    "DELIVERY": 0.817574,
    "FINANCIAL_RECORD": 0.739794
  },
  "attribute": {
    "CUSTOMER": {
      "customer id": 0.756091,
      "contact number": 0.751439,
      "address": 0.755074
    },
    "SALE_ORDER": {
      "order id": 0.759491,
      "customer id": 0.762982,
      "expected delivery date": 0.75009,
      "order status": 0.765751
    },
    "ORDER_DETAIL": {
      "order id": 0.763161,
      "product id": 0.762312,
      "quantity": 0.773851
    },
    "PRODUCT": {
      "product id": 0.746944
    },
    "RECIPE": {
      "product id": 0.755184,
      "raw material id": 0.753099,
      "quantity required": 0.761123
    },
    "RAW_MATERIAL": {
      "raw material id": 0.749701
    },
    "SUPPLIER": {
      "supplier id": 0.763437
    },
    "PURCHASE_ORDER": {
      "purchase order id": 0.75808,
      "supplier id": 0.763978,
      "raw material id": 0.761575,
      "order quantity": 0.769341,
      "supply quantity": 0.769748,
      "order status": 0.765757
    },
    "INVENTORY": {
      "inventory id": 0.765498,
      "item type": 0.767975,
      "item id": 0.760995,
      "quantity": 0.771473,
      "status": 0.773613
    },
    "PRODUCTION_PLANNING": {
      "planning id": 0.775324,
      "order id": 0.777576,
      "production sequence": 0.77258,
      "quantity": 0.774498,
      "production status": 0.772387
    },
    "DELIVERY": {
      "delivery id": 0.754929,
      "order id": 0.758411,
      "delivery time": 0.750346,
      "location": 0.75415,
      "status": 0.756319
    },
    "FINANCIAL_RECORD": {
      "record id": 0.746726,
      "transaction type": 0.757184,
      "amount": 0.745583,
      "transaction date": 0.746323,
      "status": 0.751055
    }
  },
  "relationship": [],
  "processing_time": 962.92
}