{
  "filename": "493.txt",
  "entity": {
    "ENTERPRISE": 0.817574,
    "EMPLOYEE": 0.817574,
    "ROLE": 0.817574,
    "ATTENDANCE_RECORD": 0.785026,
    "ITEM": 0.717014
  },
  "attribute": {
    "ENTERPRISE": {
      "enterprise id": 0.767631,
      "creation time": 0.766552
    },
    "EMPLOYEE": {
      "employee id": 0.767906,
      "enterprise id": 0.774143,
      "role id": 0.763879,
      "email": 0.770107,
      "password": 0.768625,
      "identification number": 0.767238,
      "creation time": 0.768454,
      "update time": 0.77286
    },
    "ROLE": {
      "role id": 0.74973,
      "hourly wage": 0.749533,
      "daily work hour": 0.763067,
      "lunchtime": 0.760812
    },
    "ATTENDANCE_RECORD": {
      "attendance record id": 0.760413,
      "employee id": 0.769838,
      "check time": 0.764352,
      "remark": 0.759302,
      "check location": 0.760921
    },
    "ITEM": {
      "item id": 0.74652,
      "employee id": 0.769806,
      "task description": 0.771556,
      "completion status": 0.754501,
      "creation time": 0.755613,
      "update time": 0.755641
    }
  },
  "relationship": [],
  "processing_time": 991.61
}