{
  "filename": "321.txt",
  "entity": {
    "USER": 0.622459,
    "FOOTBALL_FAN": 0.526924,
    "MEMBERSHIP": 0.622459,
    "CLUB": 0.515345,
    "TEAM": 0.622459,
    "PLAYER": 0.518217,
    "MATCH": 0.622459,
    "EVENT": 0.622459,
    "ORGANIZER": 0.499875,
    "SPONSOR": 0.483631,
    "INTEREST": 0.487353,
    "DISCOUNT": 0.476891,
    "MARKETING_ACTIVITY": 0.520938,
    "SERVICE": 0.485029,
    "USER_INTEREST": 0.878461,
    "TEAM_MEMBER": 0.75281,
    "CLUB_SPONSORSHIP": 0.383452,
    "FRIENDSHIP": 1.0
  },
  "attribute": {
    "USER": {
      "user id": 0.510276,
      "username": 0.511807,
      "password hash": 0.511412,
      "email": 0.522029,
      "registration date": 0.505928,
      "basic info": 0.523768,
      "profile picture url": 0.511477,
      "bio": 0.526168,
      "location": 0.510412,
      "friends": 0.527504,
      "interests": 0.544318
    },
    "FOOTBALL_FAN": {
      "fan id": 0.545903,
      "user id": 0.556835,
      "fan since": 0.553443,
      "favorite clubs": 0.55739,
      "favorite players": 0.551295
    },
    "MEMBERSHIP": {
      "membership id": 0.516859,
      "user id": 0.51826,
      "membership type": 0.538045,
      "start date": 0.517314,
      "end date": 0.513641,
      "discount id": 0.512519,
      "status": 0.537121
    },
    "CLUB": {
      "club id": 0.529586,
      "name": 0.539536,
      "location": 0.529532,
      "founded date": 0.530872,
      "sponsor id": 0.531662,
      "description": 0.548453
    },
    "TEAM": {
      "team id": 0.530037,
      "club id": 0.538398,
      "name": 0.532398,
      "creation date": 0.529859,
      "manager name": 0.539783,
      "roster": 0.542895,
      "team profile": 0.552812
    },
    "PLAYER": {
      "player id": 0.52315,
      "first name": 0.528447,
      "last name": 0.525001,
      "date of birth": 0.523383,
      "nationality": 0.519681,
      "position": 0.526511,
      "team id": 0.52981,
      "profile picture url": 0.524747
    },
    "MATCH": {
      "match id": 0.522214,
      "home team id": 0.537825,
      "away team id": 0.532613,
      "match date": 0.519681,
      "start time": 0.524522,
      "end time": 0.523273,
      "venue": 0.535543,
      "result": 0.520568,
      "timeline": 0.528073
    },
    "EVENT": {
      "event id": 0.519427,
      "name": 0.52692,
      "description": 0.532382,
      "event datetime": 0.510188,
      "organizer id": 0.528922,
      "club id": 0.539518,
      "venue": 0.535119,
      "related match id": 0.529422
    },
    "ORGANIZER": {
      "organizer id": 0.516885,
      "name": 0.528151,
      "contact email": 0.522227,
      "phone": 0.520894
    },
    "SPONSOR": {
      "sponsor id": 0.5161,
      "name": 0.525154,
      "contact email": 0.521211,
      "phone": 0.523505,
      "sponsorship level": 0.525914
    },
    "INTEREST": {
      "interest id": 0.510286,
      "name": 0.520811,
      "description": 0.530862
    },
    "DISCOUNT": {
      "discount id": 0.498381,
      "code": 0.499173,
      "description": 0.510499,
      "percentage": 0.503818,
      "valid from": 0.497658,
      "valid to": 0.500515
    },
    "MARKETING_ACTIVITY": {
      "activity id": 0.531303,
      "name": 0.539186,
      "description": 0.543528,
      "start date": 0.524559,
      "end date": 0.520398,
      "target audience": 0.546586,
      "sponsor id": 0.529538
    },
    "SERVICE": {
      "service id": 0.505716,
      "name": 0.518673,
      "description": 0.52801,
      "is premium": 0.520074
    },
    "USER_INTEREST": {
      "user_interest_id": 0.878461,
      "user_id": 0.878461,
      "interest_id": 0.878461
    },
    "TEAM_MEMBER": {
      "team_member_id": 0.75281,
      "user_id": 0.75281,
      "team_id": 0.75281
    },
    "CLUB_SPONSORSHIP": {
      "club_sponsorship_id": 0.383452,
      "club_id": 0.383452,
      "sponsor_id": 0.383452
    },
    "FRIENDSHIP": {
      "friendship_id": 1.0,
      "user_id": 1.0,
      "user_id_1": 1.0,
      "user_id_2": 1.0
    }
  },
  "relationship": [
    {
      "entity_1": "USER",
      "entity_2": "FOOTBALL_FAN",
      "description": "Each football fan record corresponds to exactly one registered user.",
      "cardinality": "1:1",
      "associative_entity": null,
      "probability": 0.101477
    },
    {
      "entity_1": "USER",
      "entity_2": "MEMBERSHIP",
      "description": "A user can hold multiple memberships over time, each membership belongs to one user.",
      "cardinality": "1:N",
      "associative_entity": null,
      "probability": 0.99836
    },
    {
      "entity_1": "DISCOUNT",
      "entity_2": "MEMBERSHIP",
      "description": "A discount can be applied to many memberships; each membership may reference one discount.",
      "cardinality": "1:N",
      "associative_entity": null,
      "probability": 0.624498
    },
    {
      "entity_1": "USER",
      "entity_2": "USER_INTEREST",
      "description": "One USER can be associated with many USER_INTEREST.",
      "cardinality": "1:N",
      "associative_entity": null,
      "probability": 0.878461
    },
    {
      "entity_1": "INTEREST",
      "entity_2": "USER_INTEREST",
      "description": "One INTEREST can be associated with many USER_INTEREST.",
      "cardinality": "1:N",
      "associative_entity": null,
      "probability": 0.878461
    },
    {
      "entity_1": "USER",
      "entity_2": "TEAM_MEMBER",
      "description": "One USER can be associated with many TEAM_MEMBER.",
      "cardinality": "1:N",
      "associative_entity": null,
      "probability": 0.75281
    },
    {
      "entity_1": "TEAM",
      "entity_2": "TEAM_MEMBER",
      "description": "One TEAM can be associated with many TEAM_MEMBER.",
      "cardinality": "1:N",
      "associative_entity": null,
      "probability": 0.75281
    },
    {
      "entity_1": "CLUB",
      "entity_2": "TEAM",
      "description": "A football club can manage many teams; each team belongs to one club.",
      "cardinality": "1:N",
      "associative_entity": null,
      "probability": 0.804262
    },
    {
      "entity_1": "TEAM",
      "entity_2": "PLAYER",
      "description": "A team has many players; each player is assigned to one team.",
      "cardinality": "1:N",
      "associative_entity": null,
      "probability": 0.033343
    },
    {
      "entity_1": "TEAM",
      "entity_2": "MATCH",
      "description": "A team can be the home team in many matches; each match has one home team.",
      "cardinality": "1:N",
      "associative_entity": null,
      "probability": 0.660266
    },
    {
      "entity_1": "TEAM",
      "entity_2": "MATCH",
      "description": "A team can be the away team in many matches; each match has one away team.",
      "cardinality": "1:N",
      "associative_entity": null,
      "probability": 0.660266
    },
    {
      "entity_1": "ORGANIZER",
      "entity_2": "EVENT",
      "description": "An event organizer can create multiple events; each event has one organizer.",
      "cardinality": "1:N",
      "associative_entity": null,
      "probability": 0.641753
    },
    {
      "entity_1": "CLUB",
      "entity_2": "EVENT",
      "description": "A club can host many events; each event is associated with one club.",
      "cardinality": "1:N",
      "associative_entity": null,
      "probability": 0.044502
    },
    {
      "entity_1": "MATCH",
      "entity_2": "EVENT",
      "description": "A match can have related events; each event may be linked to one match.",
      "cardinality": "1:N",
      "associative_entity": null,
      "probability": 0.882261
    },
    {
      "entity_1": "CLUB",
      "entity_2": "CLUB_SPONSORSHIP",
      "description": "One CLUB can be associated with many CLUB_SPONSORSHIP.",
      "cardinality": "1:N",
      "associative_entity": null,
      "probability": 0.383452
    },
    {
      "entity_1": "SPONSOR",
      "entity_2": "CLUB_SPONSORSHIP",
      "description": "One SPONSOR can be associated with many CLUB_SPONSORSHIP.",