{
  "filename": "369.txt",
  "entity": {
    "CONTENT": 0.622459,
    "USER": 0.622459,
    "COMMENT": 0.481309,
    "WORKFLOW": 0.622459,
    "WORKFLOW_TYPE": 0.509824,
    "WORKFLOW_STATE": 0.53733,
    "VERSION": 0.490151,
    "OPERATION_LOG": 0.519116,
    "AUDIT_LOG": 0.446333,
    "PERMISSION": 0.622459,
    "ROLE": 0.49525
  },
  "attribute": {
    "CONTENT": {
      "content id": 0.531734,
      "title": 0.528166,
      "body": 0.537649,
      "created at": 0.529226,
      "created by user id": 0.525037,
      "current state id": 0.522473,
      "is published": 0.537908,
      "version number": 0.532306
    },
    "USER": {
      "user id": 0.509744,
      "username": 0.497492,
      "email": 0.513527,
      "password hash": 0.506915,
      "created at": 0.506218,
      "role id": 0.518623
    },
    "COMMENT": {
      "comment id": 0.500376,
      "content id": 0.517322,
      "user id": 0.50696,
      "comment text": 0.510305,
      "comment time": 0.505063
    },
    "WORKFLOW": {
      "workflow id": 0.520576,
      "content id": 0.53572,
      "workflow type id": 0.519741,
      "start time": 0.520179,
      "end time": 0.525892,
      "current state id": 0.520043
    },
    "WORKFLOW_TYPE": {
      "workflow type id": 0.519133,
      "type name": 0.526492,
      "description": 0.545292
    },
    "WORKFLOW_STATE": {
      "state id": 0.521426,
      "workflow type id": 0.522658,
      "state name": 0.526924,
      "description": 0.546045,
      "state order": 0.526142
    },
    "VERSION": {
      "version id": 0.516589,
      "content id": 0.531231,
      "version number": 0.517615,
      "created at": 0.513831,
      "created by user id": 0.515956,
      "change summary": 0.530199
    },
    "OPERATION_LOG": {
      "log id": 0.521902,
      "operation type": 0.538491,
      "operation time": 0.527258,
      "user id": 0.522888,
      "content id": 0.535913,
      "comment id": 0.516554,
      "details": 0.542498
    },
    "AUDIT_LOG": {
      "audit id": 0.517149,
      "operation log id": 0.524235,
      "audit time": 0.520623,
      "auditor user id": 0.51673,
      "notes": 0.543226
    },
    "PERMISSION": {
      "permission id": 0.514762,
      "role id": 0.519385,
      "entity": 0.526124,
      "action": 0.524402,
      "description": 0.533733
    },
    "ROLE": {
      "role id": 0.518173,
      "role name": 0.520202,
      "description": 0.537867
    }
  },
  "relationship": [
    {
      "entity_1": "ROLE",
      "entity_2": "USER",
      "description": "Each user is assigned one role, a role can be assigned to many users",
      "cardinality": "1:N",
      "associative_entity": null,
      "probability": 0.993193
    },
    {
      "entity_1": "ROLE",
      "entity_2": "PERMISSION",
      "description": "Permissions are defined for a role, a role can have many permissions",
      "cardinality": "1:N",
      "associative_entity": null,
      "probability": 0.243234
    },
    {
      "entity_1": "USER",
      "entity_2": "COMMENT",
      "description": "A user can write many comments, each comment is authored by one user",
      "cardinality": "1:N",
      "associative_entity": null,
      "probability": 0.963224
    },
    {
      "entity_1": "CONTENT",
      "entity_2": "COMMENT",
      "description": "A content item can have many comments, each comment belongs to one content item",
      "cardinality": "1:N",
      "associative_entity": null,
      "probability": 6e-06
    },
    {
      "entity_1": "USER",
      "entity_2": "VERSION",
      "description": "A user creates many content versions, each version records the creating user",
      "cardinality": "1:N",
      "associative_entity": null,
      "probability": 0.999894
    },
    {
      "entity_1": "CONTENT",
      "entity_2": "VERSION",
      "description": "A content item can have many versions, each version belongs to one content item",
      "cardinality": "1:N",
      "associative_entity": null,
      "probability": 0.902237
    },
    {
      "entity_1": "USER",
      "entity_2": "OPERATION_LOG",
      "description": "A user performs many operations, each operation log records the operating user",
      "cardinality": "1:N",
      "associative_entity": null,
      "probability": 0.987036
    },
    {
      "entity_1": "CONTENT",
      "entity_2": "OPERATION_LOG",
      "description": "Operations are performed on content items, each operation log references one content",
      "cardinality": "1:N",
      "associative_entity": null,
      "probability": 0.004855
    },
    {
      "entity_1": "COMMENT",
      "entity_2": "OPERATION_LOG",
      "description": "Operations can be performed on comments, each operation log may reference a comment",
      "cardinality": "1:N",
      "associative_entity": null,
      "probability": 0.000152
    },
    {
      "entity_1": "CONTENT",
      "entity_2": "WORKFLOW",
      "description": "A content item can have multiple workflow instances, each workflow is linked to one content",
      "cardinality": "1:N",
      "associative_entity": null,
      "probability": 0.01134
    },
    {
      "entity_1": "WORKFLOW_TYPE",
      "entity_2": "WORKFLOW",
      "description": "A workflow type defines many workflow instances, each workflow references one workflow type",
      "cardinality": "1:N",
      "associative_entity": null,
      "probability": 0.999953
    },
    {
      "entity_1": "WORKFLOW_STATE",
      "entity_2": "WORKFLOW",
      "description": "A workflow has a current state, each workflow references one state, a state can be current for many workflows",
      "cardinality": "1:N",
      "associative_entity": null,
      "probability": 0.999984
    },
    {
      "entity_1": "WORKFLOW_TYPE",
      "entity_2": "WORKFLOW_STATE",
      "description": "A workflow type defines many possible states, each state belongs to one workflow type",
      "cardinality": "1:N",
      "associative_entity": null,
      "probability": 0.999877
    },
    {
      "entity_1": "WORKFLOW_STATE",
      "entity_2": "CONTENT",
      "description": "Each content item records its current workflow state, a state can be current for many content items",
      "cardinality": "1:N",
      "associative_entity": null,
      "probability": 0.000321
    },
    {
      "entity_1": "OPERATION_LOG",
      "entity_2": "AUDIT_LOG",
      "description": "An operation log can have many audit entries, each audit log references one operation log",
      "cardinality": "1:N",
      "associative_entity": null,
      "probability": 0.999859
    },
    {
      "entity_1": "USER",
      "entity_2": "AUDIT_LOG",
      "description": "Auditors (users) can create many audit log entries, each audit log records the auditor user",
      "cardinality": "1:N",
      "associative_entity": null,
      "probability": 0.995429
    }
  ],
  "processing_time": 9.37
}