{
  "filename": "396.txt",
  "entity": {
    "USER": 0.622459,
    "GUIDE": 0.622459,
    "HOTEL": 0.622459,
    "ATTRACTION": 0.459092,
    "ROUTE": 0.491576
  },
  "attribute": {
    "USER": {
      "user id": 0.506494,
      "username": 0.497858,
      "password": 0.5138,
      "avatar url": 0.502983,
      "nickname": 0.508242
    },
    "GUIDE": {
      "guide id": 0.527994,
      "title": 0.532633,
      "category": 0.542685,
      "tags": 0.528887,
      "content": 0.535597,
      "description": 0.533711
    },
    "HOTEL": {
      "hotel id": 0.549188,
      "name": 0.55554,
      "introduction": 0.559045,
      "pictures": 0.556777,
      "location": 0.553612
    },
    "ATTRACTION": {
      "attraction id": 0.519871,
      "name": 0.521423,
      "introduction": 0.51707,
      "pictures": 0.526392,
      "address": 0.528507,
      "open hours": 0.531644,
      "tip": 0.513828,
      "day info": 0.522191
    },
    "ROUTE": {
      "route id": 0.509463,
      "name": 0.520031,
      "content": 0.525208,
      "tags": 0.523319,
      "introduction": 0.525371
    }
  },
  "relationship": [
    {
      "entity_1": "USER",
      "entity_2": "GUIDE",
      "description": "A user can write many guides, and each guide is written by one user",
      "cardinality": "1:N",
      "associative_entity": null,
      "probability": 0.252974
    }
  ],
  "processing_time": 2.34
}