{
  "filename": "255.txt",
  "entity": {
    "PRODUCTION_REPORT": 0.534097,
    "EQUIPMENT": 0.622459,
    "EQUIPMENT_INSPECTION": 0.526849,
    "EQUIPMENT_FAILURE": 0.539194,
    "EQUIPMENT_REPAIR": 0.556656,
    "QUALITY_RECORD": 0.530811,
    "USER": 0.471207,
    "ANNOUNCEMENT": 0.517393,
    "JOB_POSITION": 0.522285,
    "APPLICATION": 0.467322
  },
  "attribute": {
    "PRODUCTION_REPORT": {
      "report_id": 0.551672,
      "report_type": 0.549798,
      "report_date": 0.545018,
      "production_datum": 0.553583,
      "production_indicator": 0.555333,
      "completion_status": 0.558345,
      "metal_recovery_rate": 0.549962,
      "grade": 0.546028
    },
    "EQUIPMENT": {
      "equipment_id": 0.545043,
      "model": 0.540818,
      "main_category": 0.553493,
      "sub_category": 0.548341,
      "location": 0.536361,
      "operation_status": 0.564568,
      "real_time_monitoring": 0.541862,
      "alarm_notification": 0.526135,
      "anomaly_case": 0.533375
    },
    "EQUIPMENT_INSPECTION": {
      "inspection_id": 0.543884,
      "equipment_id": 0.549831,
      "inspection_plan": 0.548282,
      "progress": 0.552427,
      "inspector": 0.544298,
      "inspection_date": 0.542641
    },
    "EQUIPMENT_FAILURE": {
      "failure_id": 0.539851,
      "equipment_id": 0.547668,
      "reporter": 0.550637,
      "failure_type": 0.541771,
      "failure_time": 0.53989,
      "processing_status": 0.554578
    },
    "EQUIPMENT_REPAIR": {
      "repair_id": 0.544977,
      "equipment_id": 0.548317,
      "repair_personnel": 0.557426,
      "repair_detail": 0.55289,
      "progress": 0.548572,
      "work_order_number": 0.548764,
      "repair_time": 0.547036
    },
    "QUALITY_RECORD": {
      "quality_id": 0.531004,
      "metal_recovery_rate": 0.547777,
      "incoming_warehouse_sample": 0.547426,
      "metal_grade": 0.540376,
      "daily_report_grade": 0.547005,
      "report_date": 0.537421
    },
    "USER": {
      "user_id": 0.503783,
      "username": 0.49939,
      "role": 0.523153,
      "permission": 0.509617,
      "status": 0.530979,
      "operation_history": 0.525446
    },
    "ANNOUNCEMENT": {
      "announcement_id": 0.515331,
      "content": 0.522501,
      "release_time": 0.514741,
      "status": 0.523882,
      "creator_user_id": 0.507088
    },
    "JOB_POSITION": {
      "position_id": 0.536885,
      "position_name": 0.538107,
      "description": 0.552182,
      "responsibility": 0.541282,
      "requirement": 0.551351
    },
    "APPLICATION": {
      "application_id": 0.501479,
      "user_id": 0.500582,
      "position_id": 0.510906,
      "match_rate": 0.517419,
      "application_date": 0.506521
    }
  },
  "relationship": [
    {
      "entity_1": "EQUIPMENT",
      "entity_2": "EQUIPMENT_INSPECTION",
      "cardinality": "1:N",
      "probability": 0.999619
    },
    {
      "entity_1": "EQUIPMENT",
      "entity_2": "EQUIPMENT_FAILURE",
      "cardinality": "1:N",
      "probability": 0.999911
    },
    {
      "entity_1": "EQUIPMENT",
      "entity_2": "EQUIPMENT_REPAIR",
      "cardinality": "1:N",
      "probability": 0.999987
    },
    {
      "entity_1": "USER",
      "entity_2": "ANNOUNCEMENT",
      "cardinality": "1:N",
      "probability": 0.958049
    },
    {
      "entity_1": "USER",
      "entity_2": "APPLICATION",
      "cardinality": "1:N",
      "probability": 0.984683
    },
    {
      "entity_1": "JOB_POSITION",
      "entity_2": "APPLICATION",
      "cardinality": "1:N",
      "probability": 0.810298
    },
    {
      "entity_1": "USER",
      "entity_2": "PRODUCTION_REPORT",
      "cardinality": "1:N",
      "probability": 0.065887
    }
  ],
  "processing_time": 51.67
}