{
  "filename": "315.txt",
  "entity": {
    "PERSON": 0.490576,
    "BOOK": 0.622459,
    "BOOK_COPY": 0.501375,
    "LOAN": 0.557519
  },
  "attribute": {
    "PERSON": {
      "person_id": 0.501962,
      "full_name": 0.506266,
      "role": 0.511538,
      "department": 0.519959,
      "phone_number": 0.494647,
      "email": 0.503161,
      "address": 0.501429
    },
    "BOOK": {
      "book_id": 0.527196,
      "title": 0.521511,
      "author": 0.51632,
      "publisher": 0.531304,
      "publication_year": 0.52883,
      "isbn": 0.535069,
      "category": 0.536222,
      "language": 0.529314
    },
    "BOOK_COPY": {
      "copy_id": 0.523249,
      "book_id": 0.530031,
      "copy_number": 0.52162,
      "acquisition_date": 0.530065,
      "condition": 0.531106,
      "status": 0.537339
    },
    "LOAN": {
      "loan_id": 0.514149,
      "person_id": 0.517527,
      "copy_id": 0.518614,
      "borrow_date": 0.518748,
      "due_date": 0.513759,
      "return_date": 0.5173,
      "status": 0.525975
    }
  },
  "relationship": [
    {
      "entity_1": "PERSON",
      "entity_2": "LOAN",
      "cardinality": "1:N",
      "probability": 0.930087
    },
    {
      "entity_1": "BOOK",
      "entity_2": "BOOK_COPY",
      "cardinality": "1:N",
      "probability": 0.999892
    },
    {
      "entity_1": "BOOK_COPY",
      "entity_2": "LOAN",
      "cardinality": "1:N",
      "probability": 0.053327
    }
  ],
  "processing_time": 25.98
}