{
  "filename": "321.txt",
  "entity": {
    "USER": 0.622459,
    "MEMBERSHIP": 0.622459,
    "TEAM": 0.622459,
    "MATCH": 0.622459,
    "EVENT": 0.622459,
    "CLUB": 0.515345,
    "ORGANIZER": 0.499875,
    "INTEREST": 0.487353,
    "FRIENDSHIP": 0.509899,
    "USER_INTEREST": 0.509399,
    "USER_TEAM": 0.526151,
    "SPONSOR": 0.483631,
    "EVENT_SPONSOR": 0.531782,
    "ASSOC_USER_TEAM": 0.353132,
    "ASSOC_USER_INTEREST": 0.749916,
    "ASSOC_USER_USER": 1.0,
    "ASSOC_EVENT_SPONSOR": 0.353568,
    "ASSOC_MATCH_TEAM": 0.242291
  },
  "attribute": {
    "USER": {
      "user_id": 0.512973,
      "username": 0.511807,
      "email": 0.522029,
      "password_hash": 0.508784,
      "first_name": 0.516502,
      "last_name": 0.5093,
      "date_of_birth": 0.507942,
      "gender": 0.5276,
      "phone_number": 0.510889,
      "address": 0.510872,
      "profile_picture_url": 0.515246,
      "bio": 0.526168,
      "registration_date": 0.508222,
      "social_info": 0.536381
    },
    "MEMBERSHIP": {
      "membership_id": 0.519701,
      "user_id": 0.520194,
      "membership_type": 0.530378,
      "start_date": 0.516862,
      "end_date": 0.513757,
      "status": 0.537121,
      "discount_rate": 0.519271
    },
    "TEAM": {
      "team_id": 0.53656,
      "club_id": 0.544159,
      "team_name": 0.539557,
      "creation_date": 0.534051,
      "description": 0.545697,
      "logo_url": 0.534239
    },
    "MATCH": {
      "match_id": 0.520743,
      "match_date": 0.516297,
      "match_time": 0.523241,
      "venue": 0.535543,
      "home_score": 0.524355,
      "away_score": 0.519026,
      "status": 0.535606
    },
    "EVENT": {
      "event_id": 0.518712,
      "organizer_id": 0.527779,
      "club_id": 0.544218,
      "event_name": 0.519843,
      "description": 0.532382,
      "start_datetime": 0.509928,
      "end_datetime": 0.50572,
      "location": 0.522249,
      "ticket_price": 0.522452,
      "capacity": 0.531262
    },
    "CLUB": {
      "club_id": 0.535183,
      "club_name": 0.54092,
      "foundation_date": 0.527767,
      "headquarters_address": 0.531459,
      "logo_url": 0.535262
    },
    "ORGANIZER": {
      "organizer_id": 0.516942,
      "name": 0.528151,
      "contact_email": 0.521338,
      "phone_number": 0.515969,
      "description": 0.529915
    },
    "INTEREST": {
      "interest_id": 0.513359,
      "name": 0.520811,
      "category": 0.534118
    },
    "FRIENDSHIP": {
      "friendship_id": 0.520403,
      "user_id_1": 0.52706,
      "user_id_2": 0.527682,
      "status": 0.53307,
      "created_at": 0.521231
    },
    "USER_INTEREST": {
      "user_id": 0.530062,
      "interest_id": 0.527191,
      "added_at": 0.525976
    },
    "USER_TEAM": {
      "user_id": 0.531797,
      "team_id": 0.537002,
      "role": 0.54131,
      "join_date": 0.530366
    },
    "SPONSOR": {
      "sponsor_id": 0.521445,
      "name": 0.525154,
      "contact_email": 0.523147,
      "phone_number": 0.517599,
      "description": 0.528719
    },
    "EVENT_SPONSOR": {
      "event_id": 0.526925,
      "sponsor_id": 0.527804,
      "sponsorship_level": 0.535013,
      "contribution_amount": 0.520828
    },
    "ASSOC_USER_TEAM": {
      "assoc_user_team_id": 0.353132,
      "user_id": 0.353132,
      "team_id": 0.353132
    },
    "ASSOC_USER_INTEREST": {
      "assoc_user_interest_id": 0.749916,
      "user_id": 0.749916,
      "interest_id": 0.749916
    },
    "ASSOC_USER_USER": {
      "assoc_user_user_id": 1.0,
      "user_id": 1.0
    },
    "ASSOC_EVENT_SPONSOR": {
      "assoc_event_sponsor_id": 0.353568,
      "event_id": 0.353568,
      "sponsor_id": 0.353568
    },
    "ASSOC_MATCH_TEAM": {
      "assoc_match_team_id": 0.242291,
      "match_id": 0.242291,
      "team_id": 0.242291
    }
  },
  "relationship": [
    {
      "entity_1": "USER",
      "entity_2": "MEMBERSHIP",
      "cardinality": "1:1",
      "probability": 0.994509
    },
    {
      "entity_1": "CLUB",
      "entity_2": "TEAM",
      "cardinality": "1:N",
      "probability": 0.332438
    },
    {
      "entity_1": "USER",
      "entity_2": "ASSOC_USER_TEAM",
      "description": "One USER can be associated with many ASSOC_USER_TEAM.",
      "cardinality": "1:N",
      "associative_entity": null,
      "probability": 0.353132
    },
    {
      "entity_1": "TEAM",
      "entity_2": "ASSOC_USER_TEAM",
      "description": "One TEAM can be associated with many ASSOC_USER_TEAM.",
      "cardinality": "1:N",
      "associative_entity": null,
      "probability": 0.353132
    },
    {
      "entity_1": "USER",
      "entity_2": "ASSOC_USER_INTEREST",
      "description": "One USER can be associated with many ASSOC_USER_INTEREST.",
      "cardinality": "1:N",
      "associative_entity": null,
      "probability": 0.749916
    },
    {
      "entity_1": "INTEREST",
      "entity_2": "ASSOC_USER_INTEREST",
      "description": "One INTEREST can be associated with many ASSOC_USER_INTEREST.",
      "cardinality": "1:N",
      "associative_entity": null,
      "probability": 0.749916
    },
    {
      "entity_1": "USER",
      "entity_2": "ASSOC_USER_USER",
      "description": "One USER can be associated with many ASSOC_USER_USER.",
      "cardinality": "1:N",
      "associative_entity": null,
      "probability": 1.0
    },
    {
      "entity_1": "ORGANIZER",
      "entity_2": "EVENT",
      "cardinality": "1:N",
      "probability": 0.162979
    },
    {
      "entity_1": "CLUB",
      "entity_2": "EVENT",
      "cardinality": "1:N",
      "probability": 0.011314
    },
    {
      "entity_1": "EVENT",
      "entity_2": "ASSOC_EVENT_SPONSOR",
      "description": "One EVENT can be associated with many ASSOC_EVENT_SPONSOR.",
      "cardinality": "1:N",
      "associative_entity": null,
      "probability": 0.353568
    },
    {
      "entity_1": "SPONSOR",
      "entity_2": "ASSOC_EVENT_SPONSOR",
      "description": "One SPONSOR can be associated with many ASSOC_EVENT_SPONSOR.",
      "cardinality": "1:N",
      "associative_entity": null,
      "probability": 0.353568
    },
    {
      "entity_1": "MATCH",
      "entity_2": "ASSOC_MATCH_TEAM",
      "description": "One MATCH can be associated with many ASSOC_MATCH_TEAM.",
      "cardinality": "1:N",
      "associative_entity": null,
      "probability": 0.242291
    },
    {
      "entity_1": "TEAM",
      "entity_2": "ASSOC_MATCH_TEAM",
      "description": "One TEAM can be associated with many ASSOC_MATCH_TEAM.",
      "cardinality": "1:N",
      "associative_entity": null,
      "probability": 0.242291
    }
  ],
  "processing_time": 56.69
}