{
  "filename": "357.txt",
  "entity": {
    "LOCATION": 0.622459,
    "VEHICLE": 0.622459,
    "CATEGORY": 0.622459,
    "USER": 0.622459,
    "CREDIT_CARD": 0.460483,
    "RESERVATION": 0.460209,
    "NEWS": 0.489751,
    "PROMOTION": 0.491876,
    "INQUIRY": 0.489626,
    "BUSINESS_HOUR": 0.479437
  },
  "attribute": {
    "LOCATION": {
      "location_id": 0.515158,
      "address": 0.520747,
      "telephone": 0.523429,
      "city": 0.519309
    },
    "VEHICLE": {
      "vehicle_id": 0.541521,
      "license_plate": 0.547653,
      "brand": 0.528594,
      "model": 0.539372,
      "photo": 0.537317,
      "location_id": 0.541193,
      "category_id": 0.541628
    },
    "CATEGORY": {
      "category_id": 0.510034,
      "name": 0.526238,
      "description": 0.540959,
      "weekday_price": 0.52112,
      "weekend_price": 0.52259
    },
    "USER": {
      "user_id": 0.508328,
      "email": 0.517685,
      "telephone": 0.518578,
      "postal_code": 0.53104,
      "city": 0.5214,
      "password": 0.51293
    },
    "CREDIT_CARD": {
      "card_id": 0.52178,
      "card_number": 0.523098,
      "expiry_date": 0.509471,
      "cardholder_name": 0.527362,
      "user_id": 0.523927
    },
    "RESERVATION": {
      "reservation_id": 0.521496,
      "reservation_date": 0.520481,
      "return_date": 0.5134,
      "user_id": 0.523236,
      "vehicle_id": 0.542848,
      "status": 0.523756
    },
    "NEWS": {
      "news_id": 0.506988,
      "title": 0.507914,
      "content": 0.521391,
      "publish_date": 0.501475
    },
    "PROMOTION": {
      "promotion_id": 0.517343,
      "title": 0.516515,
      "description": 0.527171,
      "start_date": 0.513657,
      "end_date": 0.513129
    },
    "INQUIRY": {
      "inquiry_id": 0.522146,
      "inquiry_date": 0.519466,
      "user_id": 0.520381,
      "vehicle_id": 0.54526,
      "location_id": 0.525898
    },
    "BUSINESS_HOUR": {
      "bh_id": 0.523454,
      "location_id": 0.524245,
      "day_of_week": 0.512872,
      "open_time": 0.512606,
      "close_time": 0.512698
    }
  },
  "relationship": [
    {
      "entity_1": "LOCATION",
      "entity_2": "VEHICLE",
      "cardinality": "1:N",
      "probability": 0.144921
    },
    {
      "entity_1": "CATEGORY",
      "entity_2": "VEHICLE",
      "cardinality": "1:N",
      "probability": 0.891113
    },
    {
      "entity_1": "USER",
      "entity_2": "CREDIT_CARD",
      "cardinality": "1:N",
      "probability": 0.995042
    },
    {
      "entity_1": "USER",
      "entity_2": "RESERVATION",
      "cardinality": "1:N",
      "probability": 0.364378
    },
    {
      "entity_1": "VEHICLE",
      "entity_2": "RESERVATION",
      "cardinality": "1:N",
      "probability": 0.335763
    },
    {
      "entity_1": "LOCATION",
      "entity_2": "BUSINESS_HOUR",
      "cardinality": "1:N",
      "probability": 0.013411
    },
    {
      "entity_1": "USER",
      "entity_2": "INQUIRY",
      "cardinality": "1:N",
      "probability": 0.902673
    },
    {
      "entity_1": "VEHICLE",
      "entity_2": "INQUIRY",
      "cardinality": "1:N",
      "probability": 0.03037
    },
    {
      "entity_1": "LOCATION",
      "entity_2": "INQUIRY",
      "cardinality": "1:N",
      "probability": 0.014472
    }
  ],
  "processing_time": 41.9
}