{
  "filename": "396.txt",
  "entity": {
    "USER": 0.622459,
    "GUIDE": 0.622459,
    "HOTEL": 0.622459,
    "ATTRACTION": 0.459092,
    "ROUTE": 0.491576
  },
  "attribute": {
    "USER": {
      "user_id": 0.506712,
      "username": 0.497858,
      "password": 0.5138,
      "avatar": 0.505799,
      "nickname": 0.508242
    },
    "GUIDE": {
      "guide_id": 0.529785,
      "title": 0.532633,
      "category": 0.542685,
      "tag": 0.528494,
      "content": 0.535597
    },
    "HOTEL": {
      "hotel_id": 0.553485,
      "name": 0.55554,
      "introduction": 0.559045,
      "picture": 0.551202,
      "location": 0.553612
    },
    "ATTRACTION": {
      "attraction_id": 0.519433,
      "name": 0.521423,
      "introduction": 0.51707,
      "picture": 0.517682,
      "address": 0.528507,
      "open_hour": 0.526928,
      "tip": 0.513828,
      "day": 0.514465
    },
    "ROUTE": {
      "route_id": 0.506004,
      "name": 0.520031,
      "content": 0.525208,
      "tag": 0.519412,
      "introduction": 0.525371
    }
  },
  "relationship": [
    {
      "entity_1": "USER",
      "entity_2": "GUIDE",
      "cardinality": "1:N",
      "probability": 0.096505
    }
  ],
  "processing_time": 15.26
}