{
  "filename": "406.txt",
  "entity": {
    "GENERAL_LEDGER": 0.459762,
    "ACCOUNT_RECEIVABLE": 0.4377,
    "ACCOUNT_PAYABLE": 0.425998,
    "CUSTOMER": 0.622459,
    "SUPPLIER": 0.622459,
    "COST_CENTER": 0.447618,
    "COST_ACCOUNTING": 0.447618,
    "EMPLOYEE": 0.5058,
    "PERFORMANCE": 0.493625,
    "PRODUCT": 0.514446,
    "PRODUCTION_PLAN": 0.546812,
    "MATERIAL": 0.622459,
    "MATERIAL_REQUIREMENT_PLAN": 0.486528,
    "PRODUCTION_SCHEDULING": 0.533898,
    "SALE_ORDER": 0.525553,
    "PURCHASE_ORDER": 0.520763,
    "WAREHOUSE": 0.49485,
    "INVENTORY": 0.521237,
    "PROJECT_PLAN": 0.516869,
    "SUPPLIER_MATERIAL": 0.562743,
    "ASSOC_SUPPLIER_MATERIAL": 0.000574
  },
  "attribute": {
    "GENERAL_LEDGER": {
      "ledger_id": 0.511951,
      "account_date": 0.512427,
      "account_time": 0.513588,
      "description": 0.517205,
      "amount": 0.517329
    },
    "ACCOUNT_RECEIVABLE": {
      "receivable_id": 0.512241,
      "customer_id": 0.518117,
      "amount": 0.521943,
      "receivable_date": 0.513704
    },
    "ACCOUNT_PAYABLE": {
      "payable_id": 0.50849,
      "supplier_id": 0.524784,
      "amount": 0.511878,
      "payable_date": 0.510729
    },
    "CUSTOMER": {
      "customer_id": 0.517483,
      "name": 0.516018,
      "contact_info": 0.518389,
      "address": 0.508934
    },
    "SUPPLIER": {
      "supplier_id": 0.532194,
      "name": 0.52593,
      "contact_info": 0.530133,
      "address": 0.522006
    },
    "COST_CENTER": {
      "cost_center_id": 0.53111,
      "name": 0.519127,
      "description": 0.532044
    },
    "COST_ACCOUNTING": {
      "cost_id": 0.531472,
      "cost_center_id": 0.535983,
      "amount": 0.528876,
      "cost_date": 0.530919,
      "description": 0.534686
    },
    "EMPLOYEE": {
      "employee_id": 0.534208,
      "name": 0.528175,
      "position": 0.534249,
      "hire_date": 0.532676,
      "salary": 0.52494
    },
    "PERFORMANCE": {
      "performance_id": 0.516164,
      "employee_id": 0.541956,
      "evaluation_date": 0.522201,
      "score": 0.51955,
      "comments": 0.513638
    },
    "PRODUCT": {
      "product_id": 0.506136,
      "name": 0.507559,
      "description": 0.517697
    },
    "PRODUCTION_PLAN": {
      "plan_id": 0.542031,
      "product_id": 0.534166,
      "quantity": 0.549066,
      "start_date": 0.53124,
      "end_date": 0.535442
    },
    "MATERIAL": {
      "material_id": 0.506581,
      "description": 0.51657,
      "type": 0.510826
    },
    "MATERIAL_REQUIREMENT_PLAN": {
      "mrp_id": 0.530038,
      "production_plan_id": 0.546226,
      "material_id": 0.531155,
      "required_quantity": 0.543074,
      "mrp_date": 0.529939
    },
    "PRODUCTION_SCHEDULING": {
      "schedule_id": 0.535774,
      "production_plan_id": 0.543673,
      "production_date": 0.534364,
      "status": 0.539118
    },
    "SALE_ORDER": {
      "sale_order_id": 0.513212,
      "customer_id": 0.519265,
      "order_date": 0.512865,
      "total_amount": 0.527643
    },
    "PURCHASE_ORDER": {
      "purchase_order_id": 0.509671,
      "supplier_id": 0.522757,
      "order_date": 0.51017,
      "total_amount": 0.525088
    },
    "WAREHOUSE": {
      "warehouse_id": 0.536293,
      "address": 0.526813
    },
    "INVENTORY": {
      "inventory_id": 0.524123,
      "material_id": 0.519576,
      "warehouse_id": 0.533799,
      "quantity": 0.533604,
      "last_updated": 0.521367
    },
    "PROJECT_PLAN": {
      "project_id": 0.525907,
      "name": 0.528698,
      "start_date": 0.522249,
      "end_date": 0.5265,
      "execution_status": 0.52214,
      "progress": 0.53765
    },
    "SUPPLIER_MATERIAL": {
      "supplier_id": 0.533652,
      "material_id": 0.527576,
      "supply_price": 0.53242,
      "supply_lead_time": 0.532776
    },
    "ASSOC_SUPPLIER_MATERIAL": {
      "assoc_supplier_material_id": 0.000574,
      "supplier_id": 0.000574,
      "material_id": 0.000574
    }
  },
  "relationship": [
    {
      "entity_1": "CUSTOMER",
      "entity_2": "ACCOUNT_RECEIVABLE",
      "cardinality": "1:N",
      "probability": 0.005682
    },
    {
      "entity_1": "SUPPLIER",
      "entity_2": "ACCOUNT_PAYABLE",
      "cardinality": "1:N",
      "probability": 2.7e-05
    },
    {
      "entity_1": "COST_CENTER",
      "entity_2": "COST_ACCOUNTING",
      "cardinality": "1:N",
      "probability": 0.234431
    },
    {
      "entity_1": "EMPLOYEE",
      "entity_2": "PERFORMANCE",
      "cardinality": "1:N",
      "probability": 0.025517
    },
    {
      "entity_1": "PRODUCT",
      "entity_2": "PRODUCTION_PLAN",
      "cardinality": "1:N",
      "probability": 0.072492
    },
    {
      "entity_1": "PRODUCTION_PLAN",
      "entity_2": "MATERIAL_REQUIREMENT_PLAN",
      "cardinality": "1:N",
      "probability": 0.002327
    },
    {
      "entity_1": "MATERIAL",
      "entity_2": "MATERIAL_REQUIREMENT_PLAN",
      "cardinality": "1:N",
      "probability": 0.992545
    },
    {
      "entity_1": "PRODUCTION_PLAN",
      "entity_2": "PRODUCTION_SCHEDULING",
      "cardinality": "1:N",
      "probability": 0.903936
    },
    {
      "entity_1": "CUSTOMER",
      "entity_2": "SALE_ORDER",
      "cardinality": "1:N",
      "probability": 0.604393
    },
    {
      "entity_1": "SUPPLIER",
      "entity_2": "PURCHASE_ORDER",
      "cardinality": "1:N",
      "probability": 0.235695
    },
    {
      "entity_1": "WAREHOUSE",
      "entity_2": "INVENTORY",
      "cardinality": "1:N",
      "probability": 0.870462
    },
    {
      "entity_1": "MATERIAL",
      "entity_2": "INVENTORY",
      "cardinality": "1:N",
      "probability": 0.316249
    },
    {
      "entity_1": "SUPPLIER",
      "entity_2": "ASSOC_SUPPLIER_MATERIAL",
      "description": "One SUPPLIER can be associated with many ASSOC_SUPPLIER_MATERIAL.",
      "cardinality": "1:N",
      "associative_entity": null,
      "probability": 0.000574
    },
    {
      "entity_1": "MATERIAL",
      "entity_2": "ASSOC_SUPPLIER_MATERIAL",
      "description": "One MATERIAL can be associated with many ASSOC_SUPPLIER_MATERIAL.",
      "cardinality": "1:N",
      "associative_entity": null,
      "probability": 0.000574
    }
  ],
  "processing_time": 77.07
}