{
  "filename": "411.txt",
  "entity": {
    "CUSTOMER": 0.622459,
    "CONTACT_PERSON": 0.474547,
    "PRODUCT": 0.622459,
    "CATEGORY": 0.473625,
    "BRAND": 0.511348,
    "SUPPLIER": 0.501625,
    "ORDER": 0.622459,
    "ORDER_DETAIL": 0.505275,
    "PAYMENT": 0.622459
  },
  "attribute": {
    "CUSTOMER": {
      "customer_id": 0.544399,
      "name": 0.547878,
      "address": 0.543059,
      "phone": 0.546603,
      "email": 0.544464,
      "customer_type": 0.553927,
      "credit_rating": 0.550944
    },
    "CONTACT_PERSON": {
      "contact_id": 0.510378,
      "customer_id": 0.537366,
      "name": 0.515253,
      "phone": 0.516949,
      "email": 0.515205,
      "position": 0.522469
    },
    "PRODUCT": {
      "product_id": 0.509126,
      "name": 0.513591,
      "specification": 0.539369,
      "unit_price": 0.523855,
      "inventory_quantity": 0.535555,
      "production_date": 0.519385,
      "category_id": 0.509788,
      "brand_id": 0.51456,
      "supplier_id": 0.524151
    },
    "CATEGORY": {
      "category_id": 0.502661,
      "name": 0.517745,
      "description": 0.529683
    },
    "BRAND": {
      "brand_id": 0.513415,
      "name": 0.512522,
      "description": 0.516415
    },
    "SUPPLIER": {
      "supplier_id": 0.522146,
      "name": 0.524115,
      "contact_name": 0.527719,
      "phone": 0.531344,
      "email": 0.528803,
      "address": 0.525414
    },
    "ORDER": {
      "order_id": 0.511316,
      "customer_id": 0.537883,
      "order_time": 0.511805,
      "order_status": 0.517546,
      "total_amount": 0.525823
    },
    "ORDER_DETAIL": {
      "order_detail_id": 0.52124,
      "order_id": 0.5199,
      "product_id": 0.523227,
      "quantity": 0.541012,
      "unit_price": 0.53702,
      "line_total": 0.532867
    },
    "PAYMENT": {
      "payment_id": 0.521958,
      "order_id": 0.52262,
      "payment_method": 0.526584,
      "payment_status": 0.527812,
      "payment_time": 0.523646,
      "amount": 0.5282
    }
  },
  "relationship": [
    {
      "entity_1": "CUSTOMER",
      "entity_2": "CONTACT_PERSON",
      "cardinality": "1:N",
      "probability": 0.219694
    },
    {
      "entity_1": "CUSTOMER",
      "entity_2": "ORDER",
      "cardinality": "1:N",
      "probability": 0.942698
    },
    {
      "entity_1": "ORDER",
      "entity_2": "ORDER_DETAIL",
      "cardinality": "1:N",
      "probability": 0.999986
    },
    {
      "entity_1": "PRODUCT",
      "entity_2": "ORDER_DETAIL",
      "cardinality": "1:N",
      "probability": 0.998207
    },
    {
      "entity_1": "ORDER",
      "entity_2": "PAYMENT",
      "cardinality": "1:N",
      "probability": 0.648019
    },
    {
      "entity_1": "CATEGORY",
      "entity_2": "PRODUCT",
      "cardinality": "1:N",
      "probability": 7.2e-05
    },
    {
      "entity_1": "BRAND",
      "entity_2": "PRODUCT",
      "cardinality": "1:N",
      "probability": 0.977552
    },
    {
      "entity_1": "SUPPLIER",
      "entity_2": "PRODUCT",
      "cardinality": "1:N",
      "probability": 0.016961
    }
  ],
  "processing_time": 30.46
}