{
  "filename": "418.txt",
  "entity": {
    "USER": 0.622459,
    "TRANSACTION": 0.5028,
    "TYPE": 0.622459,
    "ANNOUNCEMENT": 0.517393
  },
  "attribute": {
    "USER": {
      "user_id": 0.518794,
      "gender": 0.535791,
      "age": 0.518313,
      "contact_info": 0.530719,
      "address": 0.527346,
      "email": 0.527684,
      "login": 0.529687,
      "password": 0.522918,
      "user_type": 0.534369,
      "status": 0.541561,
      "security_question": 0.536068,
      "security_answer": 0.528865
    },
    "TRANSACTION": {
      "transaction_id": 0.519775,
      "user_id": 0.533586,
      "type_id": 0.528812,
      "amount": 0.53419,
      "remark": 0.529986,
      "transaction_time": 0.520285,
      "status": 0.539923
    },
    "TYPE": {
      "type_id": 0.514684,
      "name": 0.529239,
      "status": 0.541882
    },
    "ANNOUNCEMENT": {
      "announcement_id": 0.518806,
      "title": 0.515183,
      "content": 0.531768,
      "publication_time": 0.523499,
      "status": 0.525714
    }
  },
  "relationship": [
    {
      "entity_1": "USER",
      "entity_2": "TRANSACTION",
      "cardinality": "1:N",
      "probability": 0.857917
    },
    {
      "entity_1": "TYPE",
      "entity_2": "TRANSACTION",
      "cardinality": "1:N",
      "probability": 0.005181
    }
  ],
  "processing_time": 13.87
}