{
  "lambdas": {
    "lambda_E": 0.8006217224868776,
    "lambda_A": 0.5874675828765155,
    "lambda_R": 0.848904042788488,
    "lambda_noattr": 1.2993183737700085, 
    "lambda_NM": 0.7216510200732734,
    "lambda_isolated": 1.3143639258280186
  }
}