{
  "best_f1": 0.6236740941954689,
  "lambdas": {
    "lambda_E": 0.5298167268155587,
    "lambda_A": 0.7206169224540948,
    "lambda_R": 0.8368527522470374
  }
}