{
  "best_f1": 0.6227630154782677,
  "lambdas": {
    "lambda_E": 0.6030284768269152,
    "lambda_A": 0.4545646303403773,
    "lambda_R": 0.6875291825404288,
    "lambda_noattr": 1.6557523358083146,
    "lambda_NM": 1.9956668113215286
  }
}